Rollno,        EM_ISE,EM_ESE,EM_THEORY_TOT,EM_TW,        SME_ISE,SME_ESE,SME_THEORY_TOT,SME_TW,        BEE_ISE,BEE_ESE,BEE_THEORY_TOT,BEE_TW,        EM1_ISE,EM1_ESE,EM1_THEORY_TOT,EM1_TW,        EP_ISE,EP_ESE,EP_THEORY_TOT,EP_TW,        BXE_ISE,BXE_ESE,BXE_THEORY_TOT,BXE_TW,        EC_ISE,EC_ESE,EC_THEORY_TOT,EC_TW,        PPS_ISE,PPS_ESE,PPS_THEORY_TOT,PPS_TW,SGPA
F190050001,030,042,072,024,030,045,075,024,030,041,071,024,030,048,078,022,030,070,100,024,,,,,,,,,,,,,8.86
F190050002,030,070,100,023,030,069,099,024,030,070,100,024,030,070,100,019,030,070,100,023,,,,,,,,,,,,,9.91
F190050003,029,069,098,025,030,070,100,025,030,070,100,025,029,070,099,024,030,070,100,025,,,,,,,,,,,,,10
F190050004,,,,,030,070,100,020,,,,,026,045,071,020,,,,,027,070,097,017,030,070,100,022,029,064,093,022,9.36
F190050005,,,,,030,064,094,023,,,,,028,056,084,025,,,,,026,070,096,024,030,059,089,025,027,069,096,024,9.68
F190050006,,,,,030,062,092,025,,,,,030,056,086,024,,,,,030,070,100,024,030,052,082,025,030,067,097,025,9.68
F190050007,030,070,100,023,027,069,096,023,030,070,100,024,024,050,074,020,027,070,097,023,,,,,,,,,,,,,9.68
F190050008,029,070,099,025,028,070,098,025,030,064,094,025,026,070,096,024,028,070,098,024,,,,,,,,,,,,,10
F190050009,,,,,027,057,084,025,,,,,030,070,100,025,,,,,030,070,100,024,030,060,090,024,021,062,083,025,9.73
F190050010,030,070,100,021,030,059,089,022,030,060,090,023,010,056,066,018,022,063,085,021,,,,,,,,,,,,,9
F190050011,029,070,099,025,030,070,100,025,030,070,100,025,023,070,093,025,030,070,100,025,,,,,,,,,,,,,10
F190050012,030,070,100,024,030,070,100,024,030,070,100,024,028,070,098,024,029,070,099,024,,,,,,,,,,,,,10
F190050013,,,,,030,057,087,024,,,,,028,070,098,023,,,,,030,070,100,023,030,046,076,024,025,055,080,023,9.36
F190050014,024,063,087,024,030,070,100,024,027,070,097,023,019,064,083,020,026,069,095,022,,,,,,,,,,,,,9.64
F190050015,030,070,100,024,030,059,089,024,030,070,100,024,026,070,096,024,030,070,100,024,,,,,,,,,,,,,9.86
F190050016,030,070,100,025,030,070,100,025,030,070,100,025,028,070,098,025,030,070,100,025,,,,,,,,,,,,,10
F190050017,,,,,030,066,096,023,,,,,030,070,100,022,,,,,026,070,096,024,030,070,100,024,030,067,097,024,9.95
F190050018,030,070,100,023,030,070,100,024,030,070,100,024,029,070,099,024,030,070,100,023,,,,,,,,,,,,,10
F190050019,026,055,081,024,024,059,083,024,030,066,096,024,025,070,095,023,030,067,097,023,,,,,,,,,,,,,9.73
F190050021,,,,,030,056,086,024,,,,,027,059,086,023,,,,,027,070,097,022,030,067,097,024,028,067,095,023,9.68
F190050022,030,059,089,023,030,055,085,023,030,052,082,021,029,045,074,022,030,069,099,022,,,,,,,,,,,,,9.14
F190050023,,,,,029,067,096,023,,,,,030,070,100,024,,,,,030,070,100,023,029,070,099,025,021,069,090,025,10
F190050024,029,062,091,021,028,052,080,024,030,070,100,021,026,070,096,021,027,060,087,023,,,,,,,,,,,,,9.55
F190050025,030,050,080,023,030,064,094,023,030,062,092,023,030,/07,058,023,030,070,100,023,,,,,,,,,,,,,9.32
F190050026,,,,,030,070,100,025,,,,,017,070,087,025,,,,,029,070,099,025,030,066,096,025,027,063,090,025,9.86
F190050027,,,,,030,070,100,023,,,,,030,050,080,021,,,,,030,070,100,023,026,053,079,021,029,060,089,023,9.27
F190050028,,,,,030,062,092,020,,,,,025,070,095,019,,,,,023,063,086,020,030,070,100,022,027,070,097,021,9.55
F190050029,030,070,100,024,030,070,100,024,030,070,100,024,028,070,098,024,030,070,100,024,,,,,,,,,,,,,10
F190050030,,,,,030,064,094,025,,,,,025,053,078,024,,,,,029,070,099,025,025,056,081,025,030,046,076,025,9.27
F190050031,,,,,029,062,091,020,,,,,017,053,070,019,,,,,023,060,083,021,020,066,086,022,028,055,083,021,8.95
F190050032,,,,,030,052,082,020,,,,,017,031,048,019,,,,,024,070,094,021,024,062,086,022,029,062,091,021,8.68
F190050033,027,070,097,024,030,069,099,024,030,070,100,024,028,070,098,023,024,070,094,023,,,,,,,,,,,,,10
F190050034,028,070,098,018,030,052,082,017,029,067,096,018,029,059,088,012,023,063,086,017,,,,,,,,,,,,,8.73
F190050035,030,070,100,023,030,056,086,024,030,062,092,023,030,050,080,022,030,070,100,023,,,,,,,,,,,,,9.68
F190050036,,,,,029,070,099,025,,,,,026,070,096,023,,,,,023,069,092,024,030,063,093,025,025,067,092,025,10
F190050037,030,070,100,025,030,070,100,025,030,069,099,024,030,070,100,024,030,060,090,025,,,,,,,,,,,,,10
F190050038,,,,,030,067,097,025,,,,,030,070,100,025,,,,,029,070,099,024,030,067,097,025,029,070,099,025,10
F190050039,030,070,100,025,030,070,100,025,030,069,099,025,030,056,086,024,030,070,100,023,,,,,,,,,,,,,9.86
F190050040,030,060,090,025,030,062,092,025,030,070,100,025,029,067,096,024,030,070,100,025,,,,,,,,,,,,,10
F190050041,030,070,100,023,030,070,100,022,030,070,100,022,030,064,094,022,028,070,098,023,,,,,,,,,,,,,9.82
F190050042,,,,,030,070,100,025,,,,,027,070,097,025,,,,,028,070,098,025,030,063,093,025,029,063,092,025,10
F190050043,,,,,030,070,100,025,,,,,017,062,079,025,,,,,027,070,097,024,030,066,096,025,030,070,100,025,9.73
F190050044,030,070,100,025,030,070,100,025,030,070,100,025,030,067,097,024,030,070,100,025,,,,,,,,,,,,,10
F190050045,030,070,100,024,030,069,099,024,030,067,097,024,030,067,097,024,030,070,100,023,,,,,,,,,,,,,10
F190050046,,,,,030,062,092,020,,,,,025,070,095,022,,,,,029,070,099,023,030,070,100,022,029,070,099,022,9.77
F190050047,025,062,087,024,024,059,083,022,026,070,096,023,030,070,100,018,019,069,088,023,,,,,,,,,,,,,9.41
F190050048,,,,,029,066,095,023,,,,,008,032,/10,022,,,,,024,067,091,020,029,062,091,024,027,069,096,025,9.09
F190050049,,,,,030,064,094,024,,,,,028,070,098,023,,,,,030,070,100,024,030,070,100,024,028,070,098,024,10
F190050050,,,,,030,066,096,023,,,,,018,070,088,021,,,,,021,070,091,022,030,052,082,024,028,056,084,024,9.45
F190050051,023,050,073,023,025,055,080,022,027,057,084,023,012,056,068,019,022,060,082,022,,,,,,,,,,,,,8.68
F190050052,030,070,100,022,030,066,096,022,030,070,100,022,029,070,099,022,030,070,100,022,,,,,,,,,,,,,9.73
F190050053,,,,,030,070,100,022,,,,,025,059,084,023,,,,,022,070,092,022,028,062,090,022,025,057,082,022,9.5
F190050054,030,070,100,025,030,057,087,025,030,064,094,025,029,064,093,024,030,062,092,024,,,,,,,,,,,,,9.86
F190050055,,,,,030,063,093,024,,,,,030,056,086,024,,,,,030,070,100,024,030,070,100,024,030,062,092,024,9.86
F190050056,,,,,030,062,092,024,,,,,030,070,100,025,,,,,024,070,094,025,030,066,096,025,029,070,099,024,10
F190050057,,,,,030,043,073,020,,,,,029,067,096,019,,,,,030,064,094,019,030,049,079,019,027,043,070,021,8.68
F190050058,030,060,090,024,030,066,096,023,030,062,092,024,030,070,100,019,030,070,100,024,,,,,,,,,,,,,9.91
F190050059,,,,,030,053,083,023,,,,,030,064,094,019,,,,,030,070,100,022,030,053,083,023,030,066,096,023,9.55
F190050060,022,063,085,025,026,069,095,024,026,070,096,024,030,064,094,024,030,070,100,025,,,,,,,,,,,,,9.86
F190050061,,,,,030,055,085,025,,,,,030,070,100,025,,,,,030,069,099,025,030,070,100,025,030,066,096,025,9.86
F190050062,030,070,100,025,030,067,097,025,030,067,097,022,030,056,086,021,030,070,100,024,,,,,,,,,,,,,9.77
F190050064,030,070,100,025,030,064,094,025,030,052,082,025,030,070,100,025,030,059,089,025,,,,,,,,,,,,,9.68
F190050065,,,,,030,066,096,025,,,,,027,067,094,025,,,,,030,070,100,025,030,070,100,025,030,070,100,025,10
F190050066,,,,,028,055,083,024,,,,,014,056,070,021,,,,,019,070,089,023,030,060,090,023,016,056,072,023,9.14
F190050067,027,070,097,023,030,070,100,023,030,070,100,023,029,070,099,021,030,066,096,022,,,,,,,,,,,,,9.91
F190050068,024,048,072,025,024,067,091,024,030,070,100,025,019,070,089,025,020,070,090,024,,,,,,,,,,,,,9.59
F190050069,028,070,098,025,030,070,100,025,030,070,100,025,028,070,098,025,027,066,093,025,,,,,,,,,,,,,10
F190050070,017,070,087,025,025,066,091,025,030,064,094,025,023,056,079,024,023,070,093,024,,,,,,,,,,,,,9.59
F190050071,,,,,030,069,099,023,,,,,030,064,094,024,,,,,030,066,096,024,030,070,100,023,030,063,093,024,10
F190050072,,,,,030,063,093,021,,,,,029,070,099,023,,,,,030,070,100,024,030,070,100,024,030,070,100,024,9.95
F190050073,030,070,100,025,030,070,100,025,030,070,100,025,030,059,089,025,030,070,100,024,,,,,,,,,,,,,9.86
F190050074,,,,,030,053,083,025,,,,,028,050,078,024,,,,,030,070,100,024,030,055,085,025,030,060,090,025,9.41
F190050075,,,,,023,070,093,025,,,,,021,070,091,025,,,,,021,070,091,025,029,070,099,025,020,070,090,024,10
F190050076,030,053,083,025,030,070,100,025,030,070,100,025,028,070,098,024,030,070,100,024,,,,,,,,,,,,,9.86
F190050077,,,,,030,070,100,023,,,,,025,067,092,010,,,,,026,070,096,015,023,053,076,022,023,056,079,023,8.91
F190050078,030,063,093,025,030,070,100,025,030,070,100,025,026,064,090,023,030,070,100,024,,,,,,,,,,,,,10
F190050079,,,,,030,052,082,021,,,,,021,039,060,023,,,,,030,069,099,023,030,069,099,023,028,064,092,023,9.36
F190050080,025,052,077,024,026,067,093,024,028,057,085,023,021,053,074,021,021,064,085,023,,,,,,,,,,,,,9.09
F190050081,030,070,100,025,030,070,100,025,030,070,100,025,030,070,100,023,030,066,096,025,,,,,,,,,,,,,10
F190050082,,,,,030,067,097,024,,,,,027,070,097,023,,,,,030,070,100,024,030,070,100,024,030,070,100,023,10
F190050083,030,070,100,018,030,070,100,020,030,064,094,017,030,070,100,015,030,070,100,014,,,,,,,,,,,,,9.32
F190050084,015,070,085,023,028,066,094,022,030,070,100,022,022,048,070,020,027,062,089,021,,,,,,,,,,,,,9.18
F190050085,,,,,030,062,092,025,,,,,029,070,099,025,,,,,030,062,092,024,030,064,094,025,030,060,090,025,10
F190050086,030,070,100,023,030,070,100,023,030,070,100,018,030,070,100,021,030,070,100,023,,,,,,,,,,,,,9.82
F190050087,,,,,025,059,084,025,,,,,027,070,097,024,,,,,022,070,092,024,024,059,083,025,029,052,081,024,9.55
F190050088,023,048,071,025,030,067,097,025,030,063,093,025,030,067,097,025,030,070,100,024,,,,,,,,,,,,,9.73
F190050089,030,053,083,024,030,049,079,023,030,052,082,024,030,042,072,024,030,070,100,024,,,,,,,,,,,,,9.18
F190050090,,,,,030,070,100,025,,,,,030,070,100,025,,,,,026,070,096,024,030,056,086,025,029,069,098,025,9.82
F190050091,023,066,089,024,029,070,099,025,030,070,100,025,026,067,093,023,030,070,100,024,,,,,,,,,,,,,9.86
F190050092,,,,,030,063,093,024,,,,,030,062,092,024,,,,,030,069,099,023,030,050,080,024,030,060,090,024,9.82
F190050093,028,062,090,025,030,069,099,025,030,050,080,024,030,036,066,024,029,053,082,025,,,,,,,,,,,,,9.27
F190050094,,,,,026,059,085,025,,,,,019,070,089,025,,,,,024,070,094,024,025,056,081,025,019,062,081,025,9.41
F190050095,,,,,030,070,100,021,,,,,021,042,063,018,,,,,023,070,093,022,026,057,083,022,030,070,100,022,9.09
F190050096,030,070,100,024,030,070,100,024,030,070,100,024,029,070,099,023,029,070,099,024,,,,,,,,,,,,,10
F190050097,,,,,030,056,086,024,,,,,022,053,075,024,,,,,026,070,096,023,030,070,100,025,025,057,082,025,9.45
F190050098,,,,,030,070,100,022,,,,,027,048,075,022,,,,,020,070,090,020,029,064,093,023,025,052,077,024,9.32
F190050099,030,070,100,024,030,070,100,024,030,070,100,024,030,070,100,024,030,070,100,024,,,,,,,,,,,,,10
F190050100,029,070,099,024,030,070,100,024,030,070,100,021,021,059,080,023,021,070,091,024,,,,,,,,,,,,,9.82
F190050101,030,070,100,020,030,070,100,021,030,070,100,020,030,070,100,021,029,070,099,022,,,,,,,,,,,,,9.73
F190050102,,,,,027,057,084,025,,,,,026,042,068,023,,,,,030,070,100,025,025,055,080,024,018,062,080,023,9.14
F190050103,,,,,023,069,092,024,,,,,025,070,095,024,,,,,022,070,092,024,030,067,097,025,017,060,077,023,9.73
F190050104,030,070,100,023,030,070,100,023,030,070,100,023,030,070,100,023,030,070,100,022,,,,,,,,,,,,,9.95
F190050105,,,,,030,055,085,021,,,,,022,048,070,017,,,,,030,052,082,020,024,062,086,020,029,057,086,021,8.77
F190050106,030,070,100,025,030,070,100,025,030,070,100,024,028,070,098,024,025,070,095,025,,,,,,,,,,,,,10
F190050107,,,,,030,060,090,025,,,,,027,059,086,023,,,,,030,070,100,025,030,070,100,025,030,062,092,025,9.86
F190050108,,,,,030,070,100,023,,,,,027,064,091,025,,,,,030,070,100,025,030,070,100,025,030,069,099,025,10
F190050109,,,,,025,067,092,023,,,,,020,053,073,019,,,,,020,064,084,022,030,046,076,023,023,059,082,022,8.91
F190050110,,,,,030,070,100,025,,,,,029,059,088,025,,,,,030,070,100,024,030,070,100,025,023,066,089,025,9.73
F190050111,,,,,030,055,085,022,,,,,024,070,094,024,,,,,029,070,099,024,030,060,090,024,026,062,088,024,9.64
F190050112,030,070,100,024,030,069,099,025,030,067,097,023,030,070,100,024,029,070,099,024,,,,,,,,,,,,,10
F190050113,,,,,028,059,087,025,,,,,018,070,088,023,,,,,023,070,093,024,030,064,094,024,018,070,088,024,9.59
F190050114,,,,,030,070,100,025,,,,,030,070,100,025,,,,,028,070,098,025,030,070,100,025,026,070,096,025,10
F190050115,030,070,100,024,030,069,099,025,030,070,100,025,030,070,100,025,030,070,100,024,,,,,,,,,,,,,10
F190050116,030,045,075,020,030,063,093,023,030,063,093,023,029,070,099,022,030,053,083,022,,,,,,,,,,,,,9.41
F190050117,028,070,098,025,030,070,100,024,030,070,100,025,030,070,100,025,030,070,100,025,,,,,,,,,,,,,10
F190050118,,,,,027,069,096,024,,,,,023,070,093,020,,,,,020,070,090,023,030,070,100,023,024,064,088,024,9.82
F190050119,030,055,085,022,030,053,083,023,030,063,093,022,025,064,089,020,030,049,079,021,,,,,,,,,,,,,9.05
F190050120,,,,,030,056,086,025,,,,,021,062,083,024,,,,,029,070,099,024,030,070,100,025,030,070,100,025,9.73
F190050121,,,,,030,070,100,024,,,,,030,070,100,024,,,,,030,070,100,024,029,070,099,025,030,070,100,025,10
F190050122,030,067,097,023,030,062,092,022,030,042,072,023,030,045,075,022,030,070,100,023,,,,,,,,,,,,,9.32
F190050123,,,,,030,070,100,020,,,,,027,070,097,022,,,,,030,070,100,020,030,070,100,023,028,069,097,023,9.82
F190050124,,,,,030,070,100,024,,,,,026,064,090,022,,,,,029,060,089,023,030,069,099,024,030,055,085,024,9.68
F190050125,,,,,030,066,096,024,,,,,030,070,100,025,,,,,030,070,100,025,030,070,100,025,030,062,092,025,10
F190050126,030,070,100,025,030,070,100,025,030,070,100,025,030,070,100,025,030,059,089,025,,,,,,,,,,,,,9.82
F190050127,,,,,030,070,100,025,,,,,030,070,100,024,,,,,028,066,094,024,030,070,100,025,027,070,097,025,10
F190050128,029,059,088,025,030,070,100,024,030,070,100,025,030,070,100,024,030,070,100,023,,,,,,,,,,,,,9.86
F190050129,030,070,100,023,030,069,099,024,030,070,100,024,030,067,097,024,030,070,100,023,,,,,,,,,,,,,10
F190050130,026,070,096,025,030,070,100,025,030,070,100,025,030,067,097,024,030,070,100,023,,,,,,,,,,,,,10
F190050131,029,066,095,025,030,070,100,025,030,070,100,024,026,070,096,024,030,070,100,024,,,,,,,,,,,,,10
F190050132,030,069,099,025,030,063,093,025,030,070,100,025,025,070,095,025,030,055,085,025,,,,,,,,,,,,,9.82
F190050133,028,064,092,025,030,070,100,025,030,070,100,025,027,070,097,024,030,067,097,024,,,,,,,,,,,,,10
F190050134,,,,,030,069,099,025,,,,,028,059,087,023,,,,,026,070,096,022,030,070,100,025,029,055,084,024,9.68
F190050135,,,,,025,059,084,023,,,,,026,064,090,024,,,,,021,070,091,023,023,069,092,024,027,062,089,024,9.73
F190050136,030,070,100,025,030,052,082,025,030,070,100,025,030,056,086,023,030,070,100,025,,,,,,,,,,,,,9.73
F190050137,030,050,080,024,029,045,074,023,030,046,076,023,026,042,068,022,030,070,100,023,,,,,,,,,,,,,8.82
F190050138,,,,,029,045,074,023,,,,,030,048,078,018,,,,,023,070,093,023,027,070,097,023,027,066,093,024,9.36
F190050139,025,070,095,024,030,066,096,023,030,066,096,023,029,059,088,023,030,070,100,024,,,,,,,,,,,,,9.86
F190050140,,,,,029,070,099,023,,,,,021,048,069,023,,,,,029,070,099,023,030,070,100,024,029,059,088,024,9.45
F190050141,,,,,030,066,096,024,,,,,026,070,096,024,,,,,027,070,097,025,030,070,100,024,029,062,091,024,10
F190050142,030,070,100,025,030,070,100,025,030,070,100,025,030,070,100,024,030,070,100,025,,,,,,,,,,,,,10
F190050143,,,,,027,070,097,023,,,,,030,070,100,024,,,,,026,070,096,023,030,066,096,025,030,069,099,025,10
F190050144,,,,,030,070,100,025,,,,,030,070,100,025,,,,,030,070,100,025,030,070,100,025,028,070,098,025,10
F190050145,,,,,030,067,097,025,,,,,030,067,097,024,,,,,026,070,096,023,030,070,100,025,030,070,100,025,10
F190050146,030,069,099,024,030,060,090,025,030,066,096,024,030,050,080,025,030,070,100,024,,,,,,,,,,,,,9.86
F190050147,021,064,085,010,026,070,096,018,025,056,081,012,017,036,053,011,025,066,091,010,,,,,,,,,,,,,7.82
F190050148,030,060,090,025,030,060,090,025,030,066,096,025,030,053,083,025,030,056,086,024,,,,,,,,,,,,,9.68
F190050149,,,,,030,070,100,022,,,,,030,070,100,024,,,,,030,070,100,024,030,070,100,024,029,070,099,024,9.91
F190050150,030,067,097,023,030,070,100,022,030,070,100,023,030,070,100,023,030,067,097,022,,,,,,,,,,,,,9.91
F190050151,,,,,030,070,100,013,,,,,026,064,090,010,,,,,022,070,092,015,024,060,084,014,015,052,067,019,8.36
F190050152,030,066,096,025,030,067,097,024,030,070,100,025,030,070,100,025,030,059,089,025,,,,,,,,,,,,,9.82
F190050153,030,048,078,024,030,067,097,024,030,046,076,024,025,070,095,024,029,070,099,024,,,,,,,,,,,,,9.45
F190050154,,,,,030,059,089,024,,,,,030,050,080,022,,,,,030,070,100,024,028,064,092,023,028,062,090,023,9.68
F190050155,030,067,097,025,030,059,089,025,030,070,100,024,030,070,100,024,030,070,100,025,,,,,,,,,,,,,9.86
F190050156,030,060,090,023,030,055,085,023,030,049,079,022,030,064,094,020,030,067,097,022,,,,,,,,,,,,,9.45
F190050157,027,066,093,025,030,070,100,025,030,070,100,025,022,070,092,025,029,069,098,025,,,,,,,,,,,,,10
F190050158,030,048,078,023,030,057,087,024,030,042,072,024,029,048,077,024,028,062,090,023,,,,,,,,,,,,,9.05
F190050159,,,,,030,069,099,022,,,,,030,064,094,024,,,,,030,070,100,023,028,060,088,024,030,060,090,024,9.73
F190050160,,,,,030,070,100,023,,,,,030,070,100,025,,,,,030,067,097,025,030,070,100,025,030,070,100,025,10
F190050161,030,070,100,025,030,070,100,025,030,070,100,025,030,070,100,024,030,070,100,025,,,,,,,,,,,,,10
F190050162,026,062,088,025,029,060,089,022,030,070,100,024,030,067,097,024,024,057,081,024,,,,,,,,,,,,,9.5
F190050163,,,,,027,059,086,022,,,,,011,029,/10,024,,,,,020,070,090,022,030,064,094,024,020,060,080,023,8.82
F190050164,030,069,099,025,030,070,100,025,030,070,100,025,029,067,096,024,029,070,099,025,,,,,,,,,,,,,10
F190050165,030,064,094,025,030,066,096,025,030,066,096,025,029,064,093,023,030,064,094,024,,,,,,,,,,,,,10
F190050166,,,,,027,070,097,017,,,,,029,070,099,020,,,,,030,070,100,022,030,070,100,021,030,070,100,021,9.64
F190050167,,,,,030,070,100,025,,,,,030,070,100,025,,,,,030,070,100,024,030,070,100,025,030,062,092,025,10
F190050168,,,,,030,060,090,021,,,,,024,070,094,024,,,,,030,066,096,025,030,070,100,024,030,069,099,024,9.95
F190050169,,,,,030,062,092,022,,,,,030,070,100,024,,,,,030,070,100,024,030,063,093,024,030,070,100,024,9.95
F190050170,030,070,100,025,030,069,099,025,030,069,099,021,030,070,100,024,030,070,100,023,,,,,,,,,,,,,9.95
F190050171,,,,,030,062,092,020,,,,,030,067,097,020,,,,,030,070,100,022,030,070,100,022,028,070,098,022,9.73
F190050172,030,070,100,025,030,070,100,025,030,070,100,025,030,070,100,024,030,070,100,024,,,,,,,,,,,,,10
F190050173,025,052,077,025,030,063,093,025,030,064,094,025,024,070,094,025,030,066,096,024,,,,,,,,,,,,,9.73
F190050174,020,070,090,025,029,066,095,024,030,070,100,025,030,070,100,024,024,070,094,024,,,,,,,,,,,,,10
F190050175,030,069,099,025,030,063,093,025,030,070,100,025,019,070,089,025,029,070,099,025,,,,,,,,,,,,,9.86
F190050176,029,056,085,025,028,070,098,025,030,070,100,022,018,070,088,024,027,066,093,024,,,,,,,,,,,,,9.68
F190050177,,,,,030,067,097,022,,,,,030,064,094,024,,,,,026,070,096,022,030,070,100,024,027,067,094,023,9.86
F190050178,021,067,088,023,030,053,083,023,030,067,097,024,027,067,094,023,029,064,093,023,,,,,,,,,,,,,9.73
F190050179,,,,,030,064,094,025,,,,,030,067,097,023,,,,,025,070,095,023,030,067,097,025,029,063,092,025,10
F190050180,030,059,089,023,030,070,100,023,030,070,100,023,030,067,097,020,030,070,100,023,,,,,,,,,,,,,9.82
F190050181,,,,,029,070,099,025,,,,,023,070,093,025,,,,,030,070,100,024,030,070,100,025,027,070,097,025,10
F190050182,019,067,086,023,030,070,100,023,030,066,096,022,014,059,073,022,030,069,099,022,,,,,,,,,,,,,9.45
F190050183,,,,,030,064,094,023,,,,,027,070,097,023,,,,,029,070,099,024,030,070,100,025,028,069,097,024,10
F190050184,030,059,089,025,030,069,099,025,030,066,096,025,030,070,100,025,030,070,100,024,,,,,,,,,,,,,9.86
F190050185,,,,,030,057,087,023,,,,,028,053,081,023,,,,,030,070,100,022,030,055,085,023,030,067,097,023,9.5
F190050186,,,,,030,070,100,025,,,,,029,059,088,025,,,,,030,063,093,024,030,070,100,025,030,059,089,025,9.73
F190050187,023,070,093,025,028,069,097,025,030,070,100,025,030,070,100,025,028,070,098,025,,,,,,,,,,,,,10
F190050188,016,066,082,025,030,066,096,025,030,064,094,025,018,070,088,024,027,057,084,024,,,,,,,,,,,,,9.55
F190050189,030,070,100,021,030,063,093,020,030,063,093,019,030,042,072,020,030,070,100,019,,,,,,,,,,,,,9.36
F190050190,,,,,030,070,100,023,,,,,030,070,100,024,,,,,030,070,100,024,030,070,100,024,026,069,095,024,10
F190050191,030,070,100,025,030,070,100,025,030,070,100,025,026,070,096,024,030,070,100,025,,,,,,,,,,,,,10
F190050192,,,,,030,070,100,023,,,,,030,070,100,025,,,,,030,070,100,025,030,070,100,025,026,070,096,025,10
F190050193,,,,,022,064,086,023,,,,,022,064,086,022,,,,,019,070,089,024,023,064,087,024,025,059,084,024,9.23
F190050194,,,,,030,070,100,024,,,,,030,067,097,024,,,,,030,067,097,023,030,056,086,024,030,059,089,024,9.68
F190050195,029,070,099,025,030,069,099,025,030,070,100,025,029,070,099,025,030,066,096,024,,,,,,,,,,,,,10
F190050196,026,070,096,025,030,070,100,025,030,070,100,025,028,070,098,025,030,070,100,024,,,,,,,,,,,,,10
F190050197,030,063,093,024,030,060,090,024,030,059,089,024,027,070,097,023,030,057,087,023,,,,,,,,,,,,,9.68
F190050198,030,070,100,024,030,069,099,024,028,062,090,023,028,064,092,022,029,070,099,023,,,,,,,,,,,,,9.95
F190050199,021,070,091,018,030,053,083,022,030,070,100,020,027,070,097,022,030,069,099,022,,,,,,,,,,,,,9.55
F190050200,030,059,089,024,030,063,093,024,030,066,096,024,030,070,100,023,030,063,093,023,,,,,,,,,,,,,9.86
F190050201,030,070,100,025,030,067,097,025,030,070,100,025,030,064,094,025,030,066,096,025,,,,,,,,,,,,,10
F190050202,,,,,030,069,099,025,,,,,030,070,100,025,,,,,028,070,098,024,030,070,100,025,030,060,090,025,10
F190050203,030,064,094,024,030,070,100,024,030,060,090,024,027,067,094,024,030,070,100,023,,,,,,,,,,,,,10
F190050204,029,067,096,025,030,070,100,025,030,070,100,024,029,070,099,025,029,069,098,025,,,,,,,,,,,,,10
F190050205,030,070,100,024,030,070,100,024,030,056,086,024,027,070,097,024,030,070,100,023,,,,,,,,,,,,,9.86
F190050206,024,070,094,025,029,066,095,025,030,067,097,024,030,070,100,025,030,070,100,024,,,,,,,,,,,,,10
F190050207,026,064,090,025,030,055,085,025,030,066,096,025,027,059,086,024,030,070,100,024,,,,,,,,,,,,,9.73
F190050208,030,056,086,025,030,070,100,025,030,066,096,024,021,062,083,024,030,070,100,024,,,,,,,,,,,,,9.73
F190050209,030,052,082,018,030,052,082,018,030,045,075,017,023,039,062,014,027,070,097,016,,,,,,,,,,,,,8.36
F190050210,030,069,099,025,030,070,100,025,030,070,100,025,030,070,100,025,030,070,100,024,,,,,,,,,,,,,10
F190050211,018,070,088,023,024,062,086,022,019,067,086,023,009,070,079,022,015,063,078,021,,,,,,,,,,,,,8.82
F190050212,,,,,030,070,100,025,,,,,018,067,085,022,,,,,022,070,092,025,030,067,097,025,022,062,084,025,9.68
F190050213,,,,,025,057,082,024,,,,,022,064,086,021,,,,,028,064,092,023,026,046,072,024,023,059,082,024,9.18
F190050214,,,,,030,067,097,023,,,,,027,070,097,025,,,,,028,070,098,024,030,070,100,025,027,066,093,025,10
F190050215,,,,,030,067,097,022,,,,,027,070,097,020,,,,,027,070,097,019,030,064,094,022,030,067,097,022,9.68
F190050216,030,048,078,024,030,070,100,023,030,070,100,022,027,067,094,021,030,070,100,019,,,,,,,,,,,,,9.55
F190050217,,,,,030,066,096,024,,,,,030,067,097,025,,,,,030,070,100,024,028,060,088,025,030,063,093,025,9.82
F190050218,030,070,100,024,030,070,100,024,030,070,100,024,030,070,100,023,030,070,100,024,,,,,,,,,,,,,10
F190050219,030,062,092,015,030,056,086,021,030,066,096,018,029,062,091,019,030,070,100,020,,,,,,,,,,,,,9.41
F190050220,029,070,099,023,026,062,088,023,024,063,087,024,019,059,078,023,021,055,076,023,,,,,,,,,,,,,9.09
F190050221,030,070,100,025,030,070,100,025,030,064,094,025,030,070,100,025,030,070,100,025,,,,,,,,,,,,,10
F190050222,,,,,030,063,093,025,,,,,026,070,096,025,,,,,030,067,097,025,030,070,100,025,029,070,099,025,10
F190050223,030,070,100,024,030,070,100,024,030,070,100,024,026,070,096,024,030,070,100,024,,,,,,,,,,,,,10
F190050224,030,059,089,024,030,060,090,024,030,069,099,024,030,067,097,021,030,055,085,023,,,,,,,,,,,,,9.64
F190050225,030,070,100,024,030,064,094,024,030,063,093,024,030,070,100,022,028,062,090,023,,,,,,,,,,,,,9.95
F190050226,,,,,030,060,090,025,,,,,026,070,096,024,,,,,030,070,100,025,030,060,090,025,030,062,092,025,10
F190050227,025,059,084,023,030,060,090,024,030,062,092,021,020,064,084,023,030,070,100,022,,,,,,,,,,,,,9.64
F190050228,,,,,023,057,080,024,,,,,014,042,056,021,,,,,020,063,083,022,029,059,088,024,018,046,064,024,8.5
F190050229,,,,,027,069,096,024,,,,,015,070,085,020,,,,,026,062,088,024,030,069,099,023,021,060,081,024,9.55
F190050230,030,070,100,025,030,070,100,025,030,070,100,025,030,070,100,025,030,070,100,025,,,,,,,,,,,,,10
F190050231,,,,,030,056,086,024,,,,,030,070,100,023,,,,,030,070,100,024,030,057,087,023,029,067,096,024,9.68
F190050232,028,057,085,021,027,059,086,020,029,052,081,021,019,045,064,016,022,053,075,021,,,,,,,,,,,,,8.41
F190050233,,,,,030,070,100,023,,,,,021,070,091,024,,,,,028,070,098,023,030,053,083,025,026,053,079,023,9.55
F190050234,021,062,083,024,024,066,090,024,030,063,093,023,017,062,079,019,021,069,090,024,,,,,,,,,,,,,9.5
F190050235,,,,,030,060,090,025,,,,,030,053,083,025,,,,,030,070,100,024,030,053,083,025,029,059,088,025,9.55
F190050236,,,,,030,070,100,025,,,,,030,067,097,025,,,,,030,070,100,024,030,070,100,025,030,070,100,025,10
F190050237,030,069,099,025,030,067,097,025,030,070,100,023,026,070,096,024,026,070,096,023,,,,,,,,,,,,,10
F190050238,,,,,028,060,088,025,,,,,029,070,099,025,,,,,028,070,098,024,026,070,096,025,029,063,092,024,9.86
F190050239,,,,,030,059,089,025,,,,,030,070,100,025,,,,,030,070,100,025,030,070,100,025,028,062,090,025,9.86
F190050240,030,070,100,024,025,067,092,024,030,053,083,024,027,070,097,023,030,070,100,022,,,,,,,,,,,,,9.82
F190050241,030,070,100,022,030,069,099,022,030,050,080,020,030,053,083,021,030,070,100,022,,,,,,,,,,,,,9.45
F190050242,,,,,030,060,090,021,,,,,030,045,075,023,,,,,030,070,100,023,030,060,090,023,028,060,088,023,9.5
F190050243,,,,,030,070,100,025,,,,,018,070,088,024,,,,,024,070,094,025,030,070,100,025,028,070,098,025,9.86
F190050244,,,,,030,070,100,022,,,,,030,064,094,022,,,,,030,070,100,023,030,070,100,023,030,064,094,022,9.82
F190050245,,,,,030,064,094,025,,,,,030,062,092,024,,,,,030,070,100,020,030,063,093,025,026,050,076,025,9.68
F190050246,,,,,030,070,100,022,,,,,025,070,095,025,,,,,030,066,096,025,030,070,100,025,025,056,081,025,9.82
F190050247,029,070,099,025,030,070,100,024,030,070,100,025,027,067,094,024,030,070,100,024,,,,,,,,,,,,,10
F190050248,030,070,100,024,030,070,100,023,030,070,100,024,030,070,100,023,030,070,100,024,,,,,,,,,,,,,10
F190050249,,,,,030,069,099,024,,,,,030,070,100,025,,,,,026,070,096,025,030,070,100,025,029,064,093,025,10
F190050251,028,070,098,024,029,063,092,024,030,064,094,024,030,070,100,022,028,067,095,024,,,,,,,,,,,,,9.95
F190050252,030,070,100,024,030,070,100,024,030,069,099,024,029,070,099,023,030,069,099,024,,,,,,,,,,,,,10
F190050253,,,,,030,070,100,025,,,,,026,070,096,025,,,,,029,070,099,024,028,060,088,025,022,064,086,025,9.68
F190050254,,,,,030,070,100,025,,,,,030,062,092,025,,,,,029,070,099,024,030,064,094,025,026,063,089,025,9.86
F190050255,030,070,100,021,027,067,094,021,017,070,087,022,027,070,097,019,007,070,077,021,,,,,,,,,,,,,9.18
F190050256,018,056,074,024,027,066,093,024,030,069,099,024,020,070,090,023,024,053,077,023,,,,,,,,,,,,,9.36
F190050258,,,,,030,070,100,025,,,,,030,059,089,024,,,,,028,070,098,024,030,066,096,025,024,069,093,025,9.86
F190050259,,,,,030,063,093,023,,,,,030,062,092,022,,,,,028,070,098,018,030,067,097,021,026,064,090,023,9.82
F190050260,,,,,030,070,100,022,,,,,027,067,094,022,,,,,030,070,100,024,030,064,094,024,024,066,090,024,9.86
F190050262,,,,,030,062,092,019,,,,,015,070,085,019,,,,,027,070,097,019,030,063,093,021,030,064,094,020,9.45
F190050263,,,,,030,063,093,022,,,,,028,053,081,024,,,,,029,070,099,023,030,056,086,025,028,070,098,024,9.64
F190050264,,,,,028,049,077,021,,,,,028,070,098,014,,,,,020,055,075,014,027,060,087,019,023,055,078,020,8.41
F190050265,,,,,030,070,100,025,,,,,026,070,096,025,,,,,030,070,100,024,030,069,099,025,030,066,096,024,10
F190050266,,,,,023,060,083,023,,,,,017,050,067,022,,,,,028,070,098,021,029,048,077,023,020,060,080,023,8.82
F190050267,030,070,100,020,030,070,100,019,030,062,092,019,025,070,095,018,030,066,096,020,,,,,,,,,,,,,9.59
F190050268,025,070,095,025,030,070,100,025,030,062,092,025,023,070,093,025,029,070,099,025,,,,,,,,,,,,,10
F190050269,,,,,030,067,097,025,,,,,030,064,094,025,,,,,030,070,100,025,030,070,100,025,030,064,094,025,10
F190050270,019,060,079,022,026,070,096,023,030,070,100,023,026,070,096,020,023,063,086,022,,,,,,,,,,,,,9.41
F190050271,030,066,096,021,030,070,100,021,030,067,097,018,030,070,100,019,030,066,096,021,,,,,,,,,,,,,9.64
F190050272,,,,,030,053,083,022,,,,,023,070,093,020,,,,,024,070,094,020,030,062,092,022,025,059,084,020,9.45
F190050273,,,,,021,053,074,023,,,,,020,067,087,022,,,,,030,057,087,023,026,059,085,023,019,056,075,023,8.95
F190050274,,,,,030,070,100,023,,,,,027,056,083,023,,,,,029,070,099,023,030,070,100,024,030,070,100,024,9.86
F190050275,,,,,030,048,078,025,,,,,030,067,097,025,,,,,030,070,100,025,030,062,092,025,030,070,100,025,9.73
F190050276,024,043,067,025,027,059,086,024,028,070,098,023,019,070,089,023,025,059,084,023,,,,,,,,,,,,,9.14
F190050277,030,049,079,024,030,064,094,024,030,070,100,024,021,070,091,024,023,064,087,023,,,,,,,,,,,,,9.55
F190050278,026,070,096,022,030,070,100,022,030,046,076,021,027,064,091,020,030,038,068,022,,,,,,,,,,,,,8.91
F190050279,020,060,080,024,030,067,097,024,019,059,078,024,016,059,075,023,018,070,088,023,,,,,,,,,,,,,9.14
F190050280,,,,,030,070,100,022,,,,,030,070,100,022,,,,,030,070,100,023,030,070,100,024,030,070,100,024,9.91
F190050281,027,060,087,023,030,066,096,021,030,070,100,024,021,070,091,025,030,066,096,025,,,,,,,,,,,,,9.82
F190050282,,,,,030,070,100,024,,,,,029,070,099,025,,,,,030,070,100,025,030,070,100,025,030,069,099,025,10
F190050283,030,059,089,021,030,070,100,022,030,056,086,022,030,064,094,020,030,070,100,022,,,,,,,,,,,,,9.36
F190050284,,,,,028,066,094,022,,,,,029,070,099,024,,,,,019,070,089,024,030,067,097,024,024,070,094,024,9.77
F190050285,030,066,096,025,030,070,100,025,030,070,100,025,024,067,091,024,030,070,100,024,,,,,,,,,,,,,10
F190050286,030,070,100,024,030,062,092,024,030,070,100,024,030,070,100,024,030,070,100,024,,,,,,,,,,,,,10
F190050287,024,070,094,025,030,070,100,025,030,070,100,025,023,070,093,024,030,064,094,025,,,,,,,,,,,,,10
F190050288,021,070,091,024,029,066,095,024,030,059,089,024,022,070,092,020,021,057,078,024,,,,,,,,,,,,,9.45
F190050289,030,070,100,023,030,063,093,023,030,067,097,023,030,064,094,022,030,070,100,023,,,,,,,,,,,,,9.95
F190050290,026,070,096,025,030,063,093,024,030,060,090,025,026,070,096,022,029,070,099,024,,,,,,,,,,,,,9.95
F190050291,,,,,030,070,100,024,,,,,030,070,100,024,,,,,030,070,100,024,030,070,100,024,030,067,097,024,10
F190050292,,,,,026,064,090,024,,,,,020,070,090,023,,,,,025,070,095,021,030,070,100,024,021,069,090,023,9.95
F190050293,027,059,086,022,030,064,094,022,030,070,100,022,024,070,094,022,022,070,092,021,,,,,,,,,,,,,9.59
F190050294,028,057,085,025,030,063,093,025,030,063,093,025,030,056,086,024,030,070,100,025,,,,,,,,,,,,,9.73
F190050295,,,,,030,067,097,024,,,,,026,062,088,024,,,,,030,070,100,025,030,066,096,025,026,064,090,024,9.86
F190050296,030,070,100,025,030,070,100,025,030,063,093,025,026,070,096,025,030,070,100,025,,,,,,,,,,,,,10
F190050297,029,063,092,024,030,067,097,024,030,070,100,022,028,059,087,022,030,070,100,023,,,,,,,,,,,,,9.77
F190050298,026,063,089,025,030,070,100,025,030,063,093,025,024,070,094,023,030,070,100,025,,,,,,,,,,,,,9.86
F190050299,030,070,100,025,030,070,100,025,030,070,100,025,025,070,095,025,030,070,100,025,,,,,,,,,,,,,10
F190050300,030,066,096,024,030,066,096,024,030,070,100,023,029,070,099,022,028,070,098,023,,,,,,,,,,,,,9.95
F190050301,,,,,030,070,100,021,,,,,030,067,097,023,,,,,027,070,097,023,030,070,100,023,029,070,099,022,9.86
F190050302,029,070,099,024,029,067,096,024,029,070,099,024,024,070,094,024,022,070,092,024,,,,,,,,,,,,,10
F190050303,030,070,100,025,030,069,099,025,030,070,100,025,029,070,099,025,030,070,100,024,,,,,,,,,,,,,10
F190050304,,,,,030,053,083,022,,,,,030,067,097,023,,,,,030,070,100,023,030,062,092,022,030,057,087,024,9.59
F190050305,,,,,030,064,094,020,,,,,030,050,080,021,,,,,030,070,100,017,030,066,096,022,030,056,086,022,9.36
F190050306,030,070,100,025,030,059,089,024,030,069,099,025,029,059,088,025,030,070,100,025,,,,,,,,,,,,,9.73
F190050307,030,070,100,025,030,069,099,025,030,070,100,023,030,070,100,024,030,057,087,023,,,,,,,,,,,,,9.82
F190050308,,,,,030,062,092,022,,,,,024,070,094,024,,,,,030,070,100,024,030,062,092,024,030,070,100,024,9.95
F190050309,026,070,096,025,030,066,096,025,030,066,096,025,022,064,086,023,030,067,097,025,,,,,,,,,,,,,9.86
F190050310,,,,,029,069,098,025,,,,,029,070,099,024,,,,,024,050,074,025,030,062,092,025,024,056,080,024,9.59
F190050311,029,070,099,024,030,070,100,021,030,069,099,023,029,064,093,020,030,070,100,024,,,,,,,,,,,,,9.86
F190050312,030,070,100,022,030,066,096,023,030,070,100,021,030,067,097,023,030,070,100,023,,,,,,,,,,,,,9.91
F190050313,,,,,030,042,072,024,,,,,028,062,090,023,,,,,030,070,100,023,030,063,093,024,030,059,089,023,9.59
F190050314,,,,,030,055,085,022,,,,,029,045,074,023,,,,,030,070,100,024,030,057,087,024,030,064,094,024,9.36
F190050315,023,059,082,023,030,063,093,022,028,067,095,022,026,048,074,020,025,070,095,021,,,,,,,,,,,,,9.36
F190050316,,,,,030,069,099,025,,,,,030,070,100,025,,,,,030,070,100,025,030,070,100,025,030,064,094,025,10
F190050317,028,070,098,025,030,063,093,025,030,069,099,025,029,070,099,023,030,063,093,024,,,,,,,,,,,,,10
F190050318,,,,,030,064,094,025,,,,,030,056,086,023,,,,,030,070,100,025,030,064,094,025,030,057,087,024,9.73
F190050319,029,064,093,025,030,070,100,025,030,062,092,024,027,064,091,025,027,070,097,024,,,,,,,,,,,,,10
F190050320,019,070,089,025,029,063,092,025,029,070,099,025,027,067,094,025,027,057,084,023,,,,,,,,,,,,,9.68
F190050321,030,069,099,023,030,064,094,024,030,062,092,023,030,070,100,022,024,055,079,024,,,,,,,,,,,,,9.59
F190050322,029,070,099,024,030,070,100,020,030,070,100,023,027,067,094,024,025,066,091,024,,,,,,,,,,,,,9.95
F190050323,,,,,030,053,083,020,,,,,028,070,098,020,,,,,028,070,098,022,030,070,100,022,030,070,100,021,9.59
F190050324,029,067,096,025,030,069,099,025,030,070,100,025,028,070,098,025,030,070,100,024,,,,,,,,,,,,,10
F190050325,030,063,093,025,030,067,097,025,030,067,097,025,020,070,090,024,030,066,096,024,,,,,,,,,,,,,10
F190050326,026,069,095,024,030,070,100,024,030,060,090,024,030,056,086,023,027,070,097,024,,,,,,,,,,,,,9.86
F190050327,,,,,030,070,100,021,,,,,028,070,098,023,,,,,028,070,098,023,030,062,092,022,029,070,099,022,9.82
F190050328,,,,,030,070,100,024,,,,,029,070,099,024,,,,,030,070,100,024,030,070,100,024,030,066,096,024,10
F190050329,,,,,030,062,092,023,,,,,030,070,100,023,,,,,028,070,098,024,030,070,100,024,029,060,089,024,9.86
F190050330,,,,,030,070,100,025,,,,,030,070,100,025,,,,,030,070,100,025,030,064,094,025,020,066,086,024,9.86
F190050331,030,070,100,025,030,070,100,025,030,069,099,025,030,070,100,024,030,064,094,025,,,,,,,,,,,,,10
F190050332,030,070,100,025,030,070,100,024,030,070,100,025,026,070,096,025,030,070,100,024,,,,,,,,,,,,,10
F190050333,030,066,096,023,030,066,096,023,030,066,096,023,030,062,092,022,030,070,100,022,,,,,,,,,,,,,9.91
F190050334,030,070,100,023,030,063,093,024,030,070,100,024,030,070,100,023,023,070,093,023,,,,,,,,,,,,,10
F190050335,024,064,088,023,030,064,094,022,023,064,087,018,026,056,082,020,027,069,096,022,,,,,,,,,,,,,9.32
F190050336,,,,,030,063,093,025,,,,,030,067,097,025,,,,,030,070,100,024,030,059,089,025,030,062,092,025,9.82
F190050337,,,,,030,048,078,024,,,,,028,070,098,023,,,,,030,069,099,023,030,059,089,024,030,066,096,023,9.55
F190050338,030,064,094,025,030,064,094,023,030,069,099,024,022,059,081,020,030,066,096,023,,,,,,,,,,,,,9.82
F190050339,021,070,091,024,025,070,095,024,027,066,093,024,020,064,084,024,026,070,096,023,,,,,,,,,,,,,9.86
F190050340,,,,,028,070,098,024,,,,,008,067,075,021,,,,,021,070,091,024,017,070,087,024,027,063,090,023,9.5
F190050341,030,070,100,024,030,064,094,024,030,070,100,024,025,070,095,024,024,070,094,024,,,,,,,,,,,,,10
F190050342,030,063,093,024,030,063,093,024,030,062,092,024,027,059,086,023,030,062,092,022,,,,,,,,,,,,,9.82
F190050343,030,064,094,025,030,050,080,025,030,053,083,025,027,070,097,025,024,070,094,024,,,,,,,,,,,,,9.73
F190050344,,,,,030,057,087,025,,,,,025,070,095,025,,,,,030,070,100,025,028,070,098,025,028,063,091,025,9.86
F190050345,030,070,100,025,030,070,100,025,030,070,100,025,030,070,100,025,030,070,100,025,,,,,,,,,,,,,10
F190050346,030,070,100,021,030,050,080,020,030,063,093,018,030,053,083,017,030,070,100,020,,,,,,,,,,,,,9.14
F190050347,029,063,092,025,028,070,098,024,027,067,094,024,022,056,078,024,030,070,100,024,,,,,,,,,,,,,9.73
F190050348,,,,,029,069,098,021,,,,,027,067,094,018,,,,,023,069,092,018,029,069,098,020,026,062,088,023,9.55
F190050349,,,,,027,070,097,024,,,,,030,070,100,021,,,,,015,070,085,023,020,062,082,023,024,070,094,022,9.59
F190050350,030,059,089,025,030,060,090,025,030,070,100,025,027,059,086,024,030,070,100,024,,,,,,,,,,,,,9.73
F190050351,014,053,067,025,028,069,097,024,026,052,078,025,018,059,077,024,025,063,088,023,,,,,,,,,,,,,8.86
F190050352,030,048,078,024,030,067,097,024,030,059,089,025,023,064,087,023,029,067,096,024,,,,,,,,,,,,,9.45
F190050353,025,070,095,024,030,067,097,024,030,070,100,020,029,070,099,024,030,070,100,024,,,,,,,,,,,,,9.95
F190050354,030,070,100,025,030,070,100,025,030,069,099,025,028,070,098,024,030,070,100,024,,,,,,,,,,,,,10
F190050355,027,063,090,024,030,067,097,025,030,070,100,024,019,070,089,023,030,067,097,024,,,,,,,,,,,,,9.86
F190050356,,,,,030,056,086,025,,,,,030,048,078,025,,,,,030,070,100,024,030,057,087,025,030,070,100,025,9.41
F190050357,030,070,100,025,030,056,086,025,030,070,100,025,030,070,100,025,030,070,100,025,,,,,,,,,,,,,9.86
F190050358,025,053,078,023,024,069,093,023,025,069,094,021,026,062,088,021,025,063,088,022,,,,,,,,,,,,,9.23
F190050359,,,,,030,067,097,025,,,,,024,064,088,024,,,,,027,070,097,025,030,067,097,025,029,070,099,025,9.86
F190050360,,,,,030,066,096,020,,,,,030,070,100,023,,,,,030,070,100,024,029,057,086,024,025,064,089,024,9.64
F190050361,026,070,096,022,030,070,100,023,030,069,099,021,028,067,095,021,028,070,098,023,,,,,,,,,,,,,9.86
F190050362,,,,,030,064,094,024,,,,,027,070,097,024,,,,,030,070,100,023,030,070,100,024,030,052,082,024,9.86
F190050363,030,070,100,024,030,067,097,024,030,064,094,024,026,070,096,024,030,070,100,023,,,,,,,,,,,,,10
F190050364,,,,,030,070,100,024,,,,,030,070,100,024,,,,,025,070,095,023,030,067,097,024,027,064,091,023,10
F190050366,030,070,100,022,030,069,099,023,030,070,100,023,025,059,084,023,030,067,097,023,,,,,,,,,,,,,9.82
F190050367,028,070,098,024,030,070,100,024,030,070,100,024,029,070,099,024,030,070,100,024,,,,,,,,,,,,,10
F190050368,,,,,030,070,100,023,,,,,028,070,098,024,,,,,027,070,097,024,030,062,092,024,028,070,098,024,10
F190050369,,,,,030,041,071,024,,,,,016,039,055,024,,,,,030,070,100,024,030,052,082,025,027,034,061,024,8.59
F190050370,,,,,030,069,099,025,,,,,027,070,097,024,,,,,030,070,100,024,030,063,093,025,022,060,082,025,9.86
F190050371,,,,,025,053,078,023,,,,,014,053,067,019,,,,,029,056,085,023,024,059,083,024,029,070,099,025,8.91
F190050372,030,042,072,025,030,069,099,025,030,060,090,024,030,050,080,021,030,066,096,024,,,,,,,,,,,,,9.55
F190050373,,,,,030,070,100,019,,,,,027,070,097,021,,,,,030,070,100,021,030,070,100,020,028,067,095,020,9.68
F190050374,,,,,030,070,100,022,,,,,030,053,083,022,,,,,030,070,100,022,029,064,093,022,030,070,100,022,9.59
F190050375,,,,,030,070,100,022,,,,,030,070,100,024,,,,,030,070,100,024,030,069,099,024,029,064,093,024,9.91
F190050376,030,070,100,023,030,070,100,024,030,070,100,024,029,070,099,024,030,064,094,024,,,,,,,,,,,,,10
F190050377,030,067,097,023,030,064,094,024,030,063,093,023,030,070,100,023,030,070,100,024,,,,,,,,,,,,,10
F190050378,028,049,077,025,030,049,079,025,030,070,100,025,026,070,096,023,028,070,098,024,,,,,,,,,,,,,9.45
F190050379,030,056,086,024,030,070,100,024,030,070,100,023,027,070,097,023,030,070,100,023,,,,,,,,,,,,,9.86
F190050380,,,,,025,053,078,024,,,,,013,048,061,022,,,,,020,064,084,023,021,050,071,024,023,045,068,023,8.36
F190050381,,,,,029,070,099,023,,,,,021,067,088,023,,,,,028,070,098,023,030,070,100,024,027,067,094,025,9.86
F190050382,,,,,030,056,086,025,,,,,030,053,083,025,,,,,025,070,095,023,030,064,094,025,030,059,089,024,9.59
F190050383,,,,,030,070,100,024,,,,,030,067,097,024,,,,,030,070,100,024,030,070,100,024,030,070,100,024,10
F190050384,024,070,094,024,030,070,100,024,030,070,100,024,029,070,099,024,027,069,096,024,,,,,,,,,,,,,10
F190050385,,,,,029,069,098,024,,,,,029,059,088,025,,,,,022,070,092,024,027,066,093,025,018,070,088,024,9.73
F190050386,026,070,096,025,030,070,100,025,030,070,100,024,020,053,073,024,027,062,089,024,,,,,,,,,,,,,9.55
F190050387,030,067,097,021,030,067,097,022,030,070,100,020,030,070,100,022,030,060,090,022,,,,,,,,,,,,,9.77
F190050388,030,045,075,024,030,052,082,023,030,066,096,021,029,059,088,023,030,070,100,023,,,,,,,,,,,,,9.41
F190050389,030,070,100,023,030,070,100,023,030,070,100,023,030,070,100,021,030,070,100,022,,,,,,,,,,,,,9.86
F190050390,028,070,098,025,030,066,096,025,030,052,082,025,027,053,080,025,030,062,092,024,,,,,,,,,,,,,9.73
F190050391,,,,,030,070,100,025,,,,,021,070,091,024,,,,,030,070,100,024,030,070,100,025,028,062,090,025,10
F190050392,,,,,030,045,075,024,,,,,025,053,078,022,,,,,030,070,100,022,030,060,090,024,030,060,090,023,9.36
F190050393,022,057,079,024,030,066,096,025,029,067,096,024,015,067,082,024,025,070,095,024,,,,,,,,,,,,,9.59
F190050394,026,070,096,025,030,070,100,025,030,070,100,025,024,070,094,024,030,070,100,024,,,,,,,,,,,,,10
F190050395,030,070,100,023,030,069,099,023,027,062,089,023,025,064,089,022,030,070,100,023,,,,,,,,,,,,,9.68
F190050397,,,,,030,070,100,022,,,,,028,070,098,022,,,,,030,070,100,024,030,057,087,024,030,070,100,023,9.68
F190050398,,,,,030,070,100,024,,,,,030,070,100,024,,,,,030,070,100,024,030,070,100,024,030,064,094,024,10
F190050399,030,070,100,023,030,070,100,023,030,069,099,023,030,070,100,022,030,070,100,022,,,,,,,,,,,,,9.91
F190050400,,,,,030,063,093,020,,,,,021,042,063,021,,,,,024,070,094,021,024,059,083,023,026,066,092,021,9.18
F190050401,,,,,030,060,090,021,,,,,030,062,092,023,,,,,030,070,100,024,030,070,100,024,030,070,100,024,9.91
F190050402,,,,,030,070,100,022,,,,,030,045,075,022,,,,,030,070,100,023,027,069,096,019,029,042,071,022,9.18
F190050403,,,,,030,067,097,025,,,,,030,064,094,025,,,,,030,070,100,025,030,070,100,025,030,070,100,025,10
F190050404,,,,,030,055,085,021,,,,,029,059,088,024,,,,,030,070,100,024,030,056,086,024,030,066,096,024,9.45
F190050405,029,043,072,025,030,063,093,025,030,055,085,025,029,070,099,025,024,070,094,024,,,,,,,,,,,,,9.59
F190050406,,,,,030,069,099,024,,,,,023,064,087,023,,,,,030,070,100,024,030,069,099,024,027,070,097,024,9.86
F190050407,,,,,030,070,100,022,,,,,028,070,098,023,,,,,030,070,100,024,028,066,094,023,024,059,083,023,9.82
F190050408,019,070,089,025,030,067,097,025,028,070,098,024,028,070,098,023,029,070,099,023,,,,,,,,,,,,,9.86
F190050409,,,,,030,060,090,023,,,,,030,064,094,019,,,,,030,066,096,020,030,070,100,023,025,062,087,023,9.73
F190050410,030,062,092,025,030,064,094,025,030,070,100,025,024,070,094,024,026,070,096,025,,,,,,,,,,,,,10
F190050411,,,,,030,055,085,020,,,,,030,056,086,021,,,,,030,070,100,023,030,069,099,023,030,070,100,021,9.55
F190050412,029,056,085,023,030,070,100,021,024,063,087,022,030,050,080,021,028,062,090,023,,,,,,,,,,,,,9.41
F190050413,,,,,030,069,099,023,,,,,029,064,093,023,,,,,030,070,100,021,030,064,094,024,029,060,089,024,9.82
F190050414,029,056,085,025,027,070,097,025,030,070,100,025,027,070,097,025,030,070,100,024,,,,,,,,,,,,,9.86
F190050416,029,070,099,024,029,070,099,023,030,059,089,024,029,070,099,023,030,063,093,023,,,,,,,,,,,,,9.86
F190050417,,,,,030,055,085,020,,,,,030,042,072,019,,,,,030,070,100,019,030,056,086,020,030,055,085,020,8.91
F190050418,,,,,030,067,097,025,,,,,030,064,094,025,,,,,030,069,099,024,030,070,100,025,030,062,092,025,10
F190050419,,,,,030,070,100,024,,,,,030,070,100,025,,,,,030,070,100,025,030,070,100,025,030,066,096,025,10
F190050420,,,,,030,070,100,023,,,,,029,070,099,025,,,,,024,070,094,023,030,069,099,024,023,070,093,024,10
F190050421,025,070,095,024,030,070,100,024,029,070,099,023,030,067,097,023,025,070,095,023,,,,,,,,,,,,,10
F190050422,030,063,093,024,030,067,097,023,030,070,100,024,022,070,092,023,030,070,100,023,,,,,,,,,,,,,10
F190050423,030,070,100,025,030,070,100,024,029,070,099,025,022,070,092,023,027,066,093,024,,,,,,,,,,,,,10
F190050424,,,,,027,066,093,023,,,,,017,070,087,025,,,,,028,070,098,024,029,069,098,025,023,070,093,024,9.86
F190050425,,,,,030,070,100,023,,,,,029,062,091,022,,,,,030,070,100,023,030,070,100,023,028,064,092,023,9.95
F190050426,030,070,100,025,030,070,100,025,030,070,100,024,030,070,100,025,030,070,100,025,,,,,,,,,,,,,10
F190050427,030,067,097,024,030,070,100,023,030,070,100,024,027,050,077,023,029,070,099,023,,,,,,,,,,,,,9.73
F190050428,,,,,030,059,089,024,,,,,029,070,099,023,,,,,030,062,092,024,030,064,094,023,028,053,081,024,9.73
F190050429,,,,,030,070,100,025,,,,,030,070,100,024,,,,,030,070,100,025,030,070,100,025,030,064,094,025,10
F190050430,,,,,030,069,099,024,,,,,027,070,097,022,,,,,030,070,100,024,030,070,100,024,030,063,093,024,9.95
F190050431,030,070,100,025,030,070,100,025,030,064,094,025,030,070,100,025,030,070,100,025,,,,,,,,,,,,,10
F190050432,,,,,030,060,090,022,,,,,029,050,079,023,,,,,029,070,099,024,025,067,092,023,027,057,084,023,9.55
F190050433,,,,,030,070,100,025,,,,,021,067,088,025,,,,,028,070,098,024,030,070,100,025,030,070,100,024,9.86
F190050435,026,069,095,012,027,070,097,019,024,066,090,014,011,056,067,010,018,062,080,019,,,,,,,,,,,,,8.45
F190050436,029,062,091,025,030,070,100,025,030,063,093,024,029,050,079,024,030,070,100,024,,,,,,,,,,,,,9.73
F190050437,030,070,100,024,030,067,097,024,030,070,100,020,029,070,099,024,030,070,100,021,,,,,,,,,,,,,9.91
F190050438,,,,,030,060,090,024,,,,,023,070,093,025,,,,,030,070,100,025,030,070,100,025,027,070,097,025,10
F190050439,030,067,097,025,030,070,100,025,030,070,100,025,030,070,100,023,030,062,092,025,,,,,,,,,,,,,10
F190050440,,,,,030,052,082,021,,,,,030,070,100,023,,,,,030,070,100,023,030,066,096,023,030,070,100,023,9.77
F190050441,030,070,100,025,030,070,100,024,030,070,100,025,030,070,100,025,030,059,089,024,,,,,,,,,,,,,9.82
F190050442,024,070,094,024,030,070,100,024,030,067,097,023,026,070,096,020,029,070,099,023,,,,,,,,,,,,,9.95
F190050443,,,,,029,069,098,025,,,,,019,059,078,024,,,,,026,059,085,024,029,060,089,025,024,053,077,025,9.14
F190050444,021,070,091,025,024,069,093,024,030,070,100,025,025,070,095,025,029,070,099,025,,,,,,,,,,,,,10
F190050445,030,070,100,025,030,067,097,025,030,070,100,025,030,070,100,024,029,070,099,025,,,,,,,,,,,,,10
F190050446,030,070,100,024,030,070,100,024,030,070,100,024,028,070,098,024,030,070,100,024,,,,,,,,,,,,,10
F190050447,026,070,096,025,028,070,098,025,030,070,100,025,030,070,100,023,030,069,099,024,,,,,,,,,,,,,10
F190050448,030,069,099,024,030,066,096,024,029,062,091,024,026,070,096,022,029,070,099,023,,,,,,,,,,,,,9.95
F190050449,025,070,095,025,030,070,100,022,030,056,086,022,030,067,097,020,030,070,100,024,,,,,,,,,,,,,9.73
F190050450,020,070,090,025,030,060,090,025,030,067,097,024,020,070,090,024,028,066,094,025,,,,,,,,,,,,,10
F190050451,030,070,100,025,030,070,100,024,030,070,100,025,030,070,100,025,030,070,100,025,,,,,,,,,,,,,10
F190050452,030,069,099,025,030,069,099,025,030,070,100,025,029,070,099,025,030,066,096,025,,,,,,,,,,,,,10
F190050453,,,,,030,070,100,023,,,,,028,062,090,022,,,,,030,070,100,023,029,070,099,023,030,057,087,023,9.82
F190050454,,,,,025,064,089,024,,,,,030,070,100,023,,,,,023,062,085,023,030,066,096,024,021,064,085,023,9.59
F190050455,,,,,030,070,100,025,,,,,030,067,097,024,,,,,030,070,100,025,030,070,100,025,022,064,086,024,9.86
F190050456,030,070,100,022,030,055,085,022,030,070,100,022,029,070,099,018,028,050,078,023,,,,,,,,,,,,,9.23
F190050457,030,070,100,023,030,070,100,022,030,066,096,023,024,070,094,023,030,064,094,022,,,,,,,,,,,,,9.86
F190050458,030,070,100,024,030,070,100,023,030,070,100,023,028,070,098,023,027,070,097,024,,,,,,,,,,,,,10
F190050459,022,062,084,025,030,062,092,024,030,063,093,023,026,070,096,024,027,069,096,024,,,,,,,,,,,,,9.86
F190050460,030,048,078,024,030,062,092,023,030,057,087,024,030,050,080,024,030,064,094,024,,,,,,,,,,,,,9.45
F190050461,,,,,025,060,085,018,,,,,009,045,054,016,,,,,015,055,070,019,021,052,073,019,013,052,065,018,7.68
F190050462,028,069,097,025,030,070,100,023,030,069,099,025,026,048,074,024,030,070,100,025,,,,,,,,,,,,,9.73
F190050463,030,070,100,025,030,063,093,025,030,070,100,025,026,070,096,025,030,070,100,025,,,,,,,,,,,,,10
F190050464,021,049,070,025,029,070,099,024,030,063,093,024,025,062,087,023,027,067,094,023,,,,,,,,,,,,,9.59
F190050465,,,,,028,070,098,022,,,,,029,067,096,024,,,,,026,070,096,024,030,069,099,024,023,062,085,024,9.82
F190050466,023,057,080,025,030,070,100,025,028,064,092,025,030,062,092,023,030,070,100,024,,,,,,,,,,,,,9.86
F190050467,026,063,089,025,028,070,098,024,030,059,089,025,022,070,092,025,028,067,095,024,,,,,,,,,,,,,9.73
F190050468,,,,,028,055,083,020,,,,,017,067,084,019,,,,,021,070,091,022,021,066,087,021,022,067,089,021,9.09
F190050469,026,056,082,025,027,062,089,025,030,052,082,025,029,070,099,022,028,064,092,024,,,,,,,,,,,,,9.55
F190050470,025,067,092,022,022,069,091,022,027,070,097,022,020,070,090,023,024,070,094,022,,,,,,,,,,,,,9.77
F190050471,030,070,100,024,030,070,100,024,030,070,100,024,030,070,100,024,030,070,100,024,,,,,,,,,,,,,10
F190050472,025,070,095,022,024,069,093,021,030,069,099,022,019,070,089,019,026,060,086,021,,,,,,,,,,,,,9.36
F190050473,,,,,030,070,100,025,,,,,030,070,100,024,,,,,030,070,100,024,030,070,100,025,030,067,097,025,10
F190050474,030,066,096,025,030,064,094,025,030,066,096,025,030,064,094,025,024,060,084,023,,,,,,,,,,,,,9.82
F190050475,030,063,093,022,028,070,098,021,030,070,100,022,026,070,096,018,030,070,100,021,,,,,,,,,,,,,9.68
F190050476,028,070,098,024,029,069,098,025,030,070,100,025,030,070,100,025,030,066,096,024,,,,,,,,,,,,,10
F190050477,030,070,100,023,030,070,100,022,030,070,100,023,030,070,100,022,028,067,095,023,,,,,,,,,,,,,9.86
F190050478,,,,,030,063,093,022,,,,,030,070,100,024,,,,,030,070,100,024,030,070,100,024,030,069,099,024,9.95
F190050479,027,053,080,014,030,059,089,017,030,043,073,015,027,056,083,010,030,067,097,018,,,,,,,,,,,,,8.36
F190050480,,,,,030,070,100,025,,,,,026,045,071,023,,,,,026,069,095,023,030,060,090,024,028,066,094,025,9.73
F190050481,,,,,028,070,098,023,,,,,030,070,100,025,,,,,030,070,100,025,030,070,100,025,026,070,096,025,10
F190050482,,,,,030,070,100,023,,,,,030,070,100,025,,,,,030,070,100,024,030,070,100,025,030,070,100,025,10
F190050483,030,066,096,025,030,070,100,025,026,070,096,024,026,070,096,025,030,070,100,025,,,,,,,,,,,,,10
F190050484,029,070,099,025,030,070,100,025,030,070,100,025,027,070,097,024,030,057,087,024,,,,,,,,,,,,,9.82
F190050485,,,,,030,056,086,024,,,,,030,053,083,023,,,,,030,070,100,023,030,067,097,024,030,064,094,024,9.73
F190050486,030,056,086,021,029,062,091,021,028,045,073,021,023,036,059,020,027,057,084,019,,,,,,,,,,,,,8.55
F190050487,017,067,084,025,030,064,094,025,030,060,090,025,025,070,095,024,022,070,092,024,,,,,,,,,,,,,9.86
F190050488,,,,,030,059,089,024,,,,,030,034,064,024,,,,,030,070,100,024,030,069,099,024,030,056,086,024,9.32
F190050489,017,036,053,010,021,038,059,010,021,035,056,010,009,039,048,010,011,041,052,010,,,,,,,,,,,,,5.32
F190050490,,,,,030,064,094,025,,,,,028,070,098,025,,,,,029,070,099,025,030,070,100,025,030,060,090,025,10
F190050491,030,067,097,023,030,066,096,023,030,070,100,023,030,067,097,022,030,070,100,023,,,,,,,,,,,,,9.95
F190050492,,,,,030,069,099,024,,,,,030,070,100,022,,,,,030,070,100,023,030,070,100,023,029,070,099,023,9.95
F190050493,030,070,100,025,030,070,100,025,030,070,100,025,030,070,100,024,030,070,100,025,,,,,,,,,,,,,10
F190050494,030,045,075,019,030,052,082,019,030,036,066,019,030,059,089,020,030,070,100,021,,,,,,,,,,,,,8.64
F190050495,030,070,100,025,028,070,098,025,030,067,097,025,019,070,089,024,030,070,100,025,,,,,,,,,,,,,9.86
F190050496,030,034,064,024,030,070,100,024,030,064,094,023,030,070,100,024,030,070,100,024,,,,,,,,,,,,,9.55
F190050497,,,,,030,056,086,024,,,,,030,056,086,024,,,,,030,070,100,023,030,069,099,024,030,067,097,024,9.73
F190050498,,,,,030,066,096,025,,,,,030,070,100,025,,,,,030,070,100,025,030,070,100,025,030,069,099,025,10
F190050499,030,057,087,022,030,070,100,022,030,070,100,022,028,070,098,022,030,066,096,021,,,,,,,,,,,,,9.59
F190050500,,,,,029,069,098,024,,,,,029,062,091,023,,,,,028,070,098,024,030,066,096,024,027,066,093,024,10
F190050501,,,,,029,060,089,025,,,,,027,070,097,023,,,,,030,070,100,025,030,057,087,024,021,064,085,025,9.55
F190050502,,,,,030,043,073,023,,,,,030,048,078,023,,,,,026,070,096,023,030,053,083,024,027,063,090,023,9.27
F190050503,,,,,030,070,100,023,,,,,023,070,093,022,,,,,029,070,099,023,029,070,099,025,023,070,093,024,9.95
F190050504,019,049,068,023,026,055,081,023,025,041,066,023,016,070,086,020,021,045,066,021,,,,,,,,,,,,,8.23
F190050505,030,059,089,025,030,066,096,025,030,070,100,025,030,062,092,024,030,070,100,024,,,,,,,,,,,,,9.86
F190050506,,,,,030,070,100,024,,,,,030,062,092,024,,,,,030,070,100,024,030,062,092,024,030,060,090,024,10
F190050507,030,070,100,025,030,070,100,025,030,070,100,024,025,070,095,023,030,070,100,025,,,,,,,,,,,,,10
F190050508,,,,,030,067,097,023,,,,,030,070,100,023,,,,,030,070,100,022,030,055,085,023,030,066,096,023,9.77
F190050509,029,070,099,024,030,070,100,024,030,067,097,024,030,067,097,023,030,070,100,023,,,,,,,,,,,,,10
F190050510,,,,,030,064,094,019,,,,,012,050,062,016,,,,,030,069,099,019,019,041,060,020,026,050,076,021,8.32
F190050511,,,,,030,062,092,025,,,,,030,053,083,025,,,,,030,070,100,025,030,070,100,025,030,063,093,025,9.86
F190050512,,,,,030,069,099,019,,,,,026,070,096,022,,,,,030,070,100,022,030,070,100,022,029,066,095,021,9.68
F190050513,,,,,030,070,100,025,,,,,023,059,082,025,,,,,025,070,095,024,030,070,100,025,030,066,096,025,9.86
F190050514,,,,,030,062,092,022,,,,,028,062,090,021,,,,,028,070,098,022,030,070,100,023,026,070,096,023,9.86
F190050515,029,069,098,023,030,070,100,023,030,070,100,023,024,070,094,023,029,070,099,023,,,,,,,,,,,,,10
F190050516,,,,,030,069,099,023,,,,,020,070,090,025,,,,,028,070,098,023,030,069,099,025,022,070,092,024,10
F190050517,024,070,094,020,027,070,097,023,024,064,088,021,025,070,095,020,030,066,096,023,,,,,,,,,,,,,9.73
F190050518,,,,,030,067,097,024,,,,,028,070,098,024,,,,,030,070,100,024,030,070,100,024,025,067,092,024,10
F190050519,,,,,030,067,097,021,,,,,030,070,100,023,,,,,030,070,100,023,030,070,100,022,030,069,099,023,9.86
F190050520,030,035,065,024,030,066,096,023,030,070,100,023,030,070,100,022,030,070,100,023,,,,,,,,,,,,,9.5
F190050521,025,066,091,024,030,062,092,024,030,066,096,023,028,059,087,022,030,069,099,023,,,,,,,,,,,,,9.82
F190050522,,,,,030,049,079,020,,,,,030,070,100,022,,,,,030,070,100,022,029,063,092,023,029,057,086,023,9.41
F190050523,,,,,030,069,099,022,,,,,027,070,097,023,,,,,030,070,100,024,030,060,090,024,026,070,096,024,9.95
F190050524,028,070,098,025,029,070,099,025,030,070,100,025,030,070,100,024,030,067,097,023,,,,,,,,,,,,,10
F190050525,026,070,096,025,030,070,100,025,030,069,099,025,028,064,092,024,030,070,100,025,,,,,,,,,,,,,10
F190050526,,,,,030,063,093,024,,,,,030,070,100,024,,,,,030,069,099,024,030,070,100,024,028,070,098,024,10
F190050527,030,070,100,024,030,070,100,023,030,070,100,018,030,048,078,023,030,070,100,022,,,,,,,,,,,,,9.59
F190050528,030,069,099,023,030,067,097,021,030,069,099,021,030,064,094,023,030,070,100,023,,,,,,,,,,,,,9.86
F190050529,030,070,100,024,030,066,096,024,030,066,096,024,030,070,100,023,030,070,100,024,,,,,,,,,,,,,10
F190050530,,,,,027,067,094,023,,,,,028,070,098,025,,,,,022,070,092,024,030,070,100,025,026,070,096,024,10
F190050531,024,066,090,024,024,070,094,024,030,066,096,024,029,070,099,023,030,070,100,023,,,,,,,,,,,,,10
F190050532,030,070,100,024,030,070,100,025,030,066,096,024,023,070,093,025,030,070,100,023,,,,,,,,,,,,,9.95
F190050533,029,063,092,024,030,062,092,024,030,070,100,024,021,070,091,023,030,070,100,023,,,,,,,,,,,,,10
F190050534,,,,,030,069,099,025,,,,,030,070,100,024,,,,,027,070,097,024,030,064,094,025,026,064,090,025,10
F190050535,,,,,030,069,099,025,,,,,030,067,097,024,,,,,030,070,100,024,027,069,096,025,030,070,100,025,10
F190050536,,,,,030,050,080,022,,,,,030,067,097,022,,,,,030,070,100,023,030,064,094,021,028,053,081,023,9.55
F190050537,030,067,097,024,030,066,096,024,030,045,075,024,026,059,085,024,029,063,092,024,,,,,,,,,,,,,9.59
F190050538,030,070,100,025,030,066,096,025,030,059,089,025,025,070,095,025,030,070,100,025,,,,,,,,,,,,,9.86
F190050539,,,,,030,070,100,022,,,,,030,062,092,023,,,,,030,070,100,024,030,070,100,023,030,064,094,023,9.91
F190050540,030,042,072,018,030,070,100,016,030,050,080,019,030,070,100,019,030,062,092,018,,,,,,,,,,,,,9.09
F190050541,030,070,100,025,030,070,100,025,030,070,100,025,030,070,100,024,030,070,100,024,,,,,,,,,,,,,10
F190050543,028,052,080,025,024,049,073,024,030,070,100,025,018,067,085,025,025,064,089,024,,,,,,,,,,,,,9.27
F190050544,021,049,070,024,025,067,092,024,030,059,089,025,028,070,098,022,015,070,085,025,,,,,,,,,,,,,9.36
F190050545,,,,,030,064,094,021,,,,,030,053,083,021,,,,,030,070,100,023,030,059,089,023,028,067,095,022,9.5
F190050546,,,,,030,070,100,025,,,,,027,056,083,024,,,,,029,070,099,025,030,067,097,025,023,049,072,024,9.59
F190050547,030,070,100,025,030,070,100,025,030,070,100,025,030,070,100,025,030,070,100,022,,,,,,,,,,,,,9.95
F190050548,,,,,027,066,093,022,,,,,027,070,097,020,,,,,028,070,098,023,029,055,084,024,030,066,096,023,9.68
F190050549,,,,,030,064,094,025,,,,,026,070,096,025,,,,,030,070,100,025,030,062,092,025,026,070,096,025,10
F190050550,025,070,095,024,030,059,089,023,030,062,092,023,023,064,087,022,017,052,069,023,,,,,,,,,,,,,9.14
F190050551,,,,,030,066,096,025,,,,,030,070,100,025,,,,,030,070,100,024,029,070,099,025,030,070,100,024,10
F190050553,030,070,100,023,030,063,093,022,030,064,094,020,029,048,077,021,030,070,100,022,,,,,,,,,,,,,9.55
F190050554,,,,,030,062,092,023,,,,,030,070,100,024,,,,,030,070,100,025,028,069,097,025,030,063,093,024,10
F190050555,,,,,030,070,100,022,,,,,030,070,100,023,,,,,030,070,100,024,029,067,096,024,028,070,098,024,9.91
F190050556,,,,,030,070,100,025,,,,,030,070,100,025,,,,,030,070,100,025,030,070,100,025,030,070,100,025,10
F190050557,029,070,099,021,030,062,092,021,030,063,093,022,028,064,092,020,024,070,094,020,,,,,,,,,,,,,9.73
F190050558,030,063,093,024,030,067,097,023,030,057,087,023,028,070,098,022,030,070,100,024,,,,,,,,,,,,,9.82
F190050559,025,070,095,025,030,070,100,025,030,070,100,025,025,070,095,025,030,070,100,025,,,,,,,,,,,,,10
F190050560,030,070,100,025,025,070,095,024,027,063,090,024,023,067,090,023,014,063,077,024,,,,,,,,,,,,,9.64
F190050561,030,070,100,024,030,070,100,024,030,070,100,024,029,070,099,024,030,070,100,024,,,,,,,,,,,,,10
F190050562,,,,,030,069,099,019,,,,,030,067,097,017,,,,,030,067,097,020,026,053,079,020,028,055,083,020,9.05
F190050563,,,,,029,066,095,025,,,,,030,070,100,025,,,,,026,070,096,025,030,060,090,025,030,070,100,025,10
F190050564,,,,,030,056,086,025,,,,,030,070,100,025,,,,,030,070,100,025,030,060,090,025,030,070,100,025,9.86
F190050565,,,,,030,067,097,022,,,,,030,062,092,020,,,,,030,070,100,021,030,062,092,022,028,063,091,022,9.73
F190050566,030,070,100,025,030,070,100,025,030,070,100,025,025,067,092,025,030,067,097,024,,,,,,,,,,,,,10
F190050567,,,,,030,066,096,024,,,,,023,070,093,024,,,,,023,070,093,024,030,070,100,025,024,070,094,025,10
F190050568,030,069,099,024,030,066,096,025,030,067,097,024,026,070,096,023,029,070,099,024,,,,,,,,,,,,,10
F190050569,,,,,030,059,089,021,,,,,029,050,079,022,,,,,030,070,100,023,030,056,086,023,030,057,087,022,9.09
F190050570,,,,,030,070,100,024,,,,,021,067,088,025,,,,,028,070,098,024,030,067,097,025,028,063,091,025,9.86
F190050571,030,067,097,024,030,070,100,024,030,070,100,024,027,067,094,024,030,070,100,023,,,,,,,,,,,,,10
F190050572,019,046,065,023,023,052,075,023,027,052,079,023,008,053,061,022,010,070,080,023,,,,,,,,,,,,,8.41
F190050573,,,,,030,070,100,022,,,,,028,070,098,023,,,,,024,070,094,024,030,070,100,024,024,067,091,024,9.91
F190050574,028,070,098,025,030,070,100,025,030,070,100,025,029,070,099,024,030,070,100,024,,,,,,,,,,,,,10
F190050575,,,,,030,070,100,023,,,,,029,070,099,022,,,,,030,070,100,024,030,063,093,024,027,067,094,024,9.95
F190050576,023,070,093,025,030,067,097,025,030,064,094,025,026,064,090,025,030,070,100,024,,,,,,,,,,,,,10
F190050577,030,070,100,025,030,056,086,025,030,055,085,025,024,062,086,025,030,070,100,025,,,,,,,,,,,,,9.59
F190050578,,,,,029,067,096,023,,,,,017,070,087,021,,,,,026,070,096,023,030,066,096,024,029,067,096,023,9.82
F190050579,026,070,096,022,030,070,100,022,030,067,097,022,025,070,095,021,030,070,100,022,,,,,,,,,,,,,9.73
F190050580,024,067,091,024,026,069,095,022,021,053,074,021,016,050,066,020,018,056,074,020,,,,,,,,,,,,,8.77
F190050581,030,064,094,025,029,070,099,025,030,070,100,024,026,070,096,025,030,070,100,024,,,,,,,,,,,,,10
F190050582,,,,,030,063,093,022,,,,,028,070,098,024,,,,,029,059,088,024,030,070,100,024,025,059,084,024,9.68
F190050583,030,067,097,025,030,070,100,025,030,070,100,025,028,070,098,024,026,070,096,025,,,,,,,,,,,,,10
F190050584,,,,,030,062,092,022,,,,,030,067,097,024,,,,,030,070,100,024,030,070,100,024,030,063,093,024,9.95
F190050585,,,,,030,067,097,025,,,,,030,070,100,025,,,,,027,070,097,025,029,057,086,025,028,060,088,025,9.68
F190050586,030,070,100,019,029,064,093,021,030,069,099,020,029,070,099,021,025,057,082,022,,,,,,,,,,,,,9.5
F190050587,,,,,030,070,100,022,,,,,025,070,095,023,,,,,030,063,093,024,030,060,090,024,030,064,094,024,9.91
F190050588,030,066,096,023,030,070,100,024,030,064,094,024,030,062,092,023,030,059,089,024,,,,,,,,,,,,,9.82
F190050589,030,069,099,023,030,070,100,023,030,070,100,023,030,070,100,022,030,070,100,023,,,,,,,,,,,,,9.95
F190050590,030,070,100,021,030,069,099,021,030,067,097,021,030,048,078,019,030,050,080,021,,,,,,,,,,,,,9.23
F190050591,030,059,089,023,030,070,100,022,030,067,097,022,028,050,078,022,030,070,100,022,,,,,,,,,,,,,9.41
F190050592,018,066,084,023,030,063,093,023,030,070,100,023,017,064,081,023,024,057,081,023,,,,,,,,,,,,,9.55
F190050593,,,,,030,070,100,025,,,,,024,070,094,024,,,,,027,070,097,024,030,070,100,025,025,069,094,025,10
F190050594,,,,,030,070,100,025,,,,,030,070,100,024,,,,,029,070,099,025,030,070,100,024,023,066,089,024,9.86
F190050595,030,067,097,023,030,060,090,022,030,050,080,024,027,056,083,019,030,070,100,022,,,,,,,,,,,,,9.5
F190050596,,,,,030,062,092,019,,,,,020,070,090,019,,,,,024,070,094,016,030,070,100,020,030,070,100,019,9.45
F190050597,,,,,030,070,100,025,,,,,030,045,075,024,,,,,030,069,099,024,030,070,100,025,030,052,082,025,9.59
F190050598,030,067,097,022,027,070,097,021,030,070,100,018,026,062,088,019,030,070,100,022,,,,,,,,,,,,,9.5
F190050599,030,070,100,022,030,070,100,018,030,070,100,021,030,067,097,018,030,070,100,022,,,,,,,,,,,,,9.64
F190050601,,,,,030,063,093,024,,,,,027,070,097,021,,,,,022,070,092,023,030,064,094,024,029,056,085,024,9.82
F190050602,,,,,030,057,087,020,,,,,023,062,085,021,,,,,026,064,090,021,030,070,100,023,027,059,086,022,9.36
F190050603,,,,,030,070,100,024,,,,,030,070,100,024,,,,,023,070,093,024,030,066,096,024,028,070,098,024,10
F190050604,030,057,087,025,030,070,100,025,030,070,100,025,029,070,099,024,030,070,100,024,,,,,,,,,,,,,9.86
F190050605,021,063,084,025,030,060,090,025,030,057,087,025,022,045,067,025,019,057,076,025,,,,,,,,,,,,,8.95
F190050606,030,050,080,025,030,055,085,024,030,057,087,025,030,059,089,024,030,070,100,024,,,,,,,,,,,,,9.45
F190050607,,,,,030,064,094,025,,,,,030,064,094,025,,,,,030,069,099,024,030,067,097,025,030,070,100,025,10
F190050608,030,070,100,025,030,070,100,025,030,067,097,024,030,070,100,025,027,067,094,024,,,,,,,,,,,,,10
F190050609,030,070,100,023,027,063,090,023,030,070,100,023,029,070,099,022,029,060,089,023,,,,,,,,,,,,,9.77
F190050610,,,,,030,067,097,024,,,,,028,064,092,024,,,,,027,070,097,024,030,070,100,024,028,069,097,024,10
F190050611,,,,,030,045,075,023,,,,,026,070,096,023,,,,,026,070,096,022,030,070,100,023,025,060,085,022,9.5
F190050612,,,,,028,067,095,025,,,,,022,070,092,022,,,,,028,048,076,024,030,070,100,025,026,056,082,024,9.55
F190050613,024,069,093,022,026,070,096,024,030,063,093,023,023,070,093,021,030,070,100,024,,,,,,,,,,,,,9.91
F190050614,030,070,100,023,030,063,093,022,030,055,085,023,028,056,084,022,030,070,100,023,,,,,,,,,,,,,9.59
F190050615,030,070,100,023,030,062,092,023,030,060,090,023,030,059,089,022,030,062,092,022,,,,,,,,,,,,,9.73
F190050616,030,062,092,025,029,070,099,025,030,070,100,025,024,062,086,025,030,064,094,025,,,,,,,,,,,,,9.86
F190050617,,,,,030,064,094,017,,,,,027,053,080,018,,,,,029,070,099,019,021,055,076,020,023,070,093,020,9
F190050618,,,,,030,070,100,024,,,,,030,064,094,024,,,,,030,070,100,023,030,070,100,024,030,069,099,024,10
F190050619,,,,,018,048,066,021,,,,,017,045,062,016,,,,,020,063,083,021,018,045,063,023,020,042,062,021,7.77
F190050620,024,070,094,024,030,070,100,024,030,070,100,024,027,070,097,024,030,070,100,023,,,,,,,,,,,,,10
F190050621,030,053,083,020,030,060,090,018,030,042,072,018,030,039,069,017,030,064,094,019,,,,,,,,,,,,,8.64
F190050622,,,,,028,064,092,024,,,,,026,064,090,024,,,,,021,070,091,023,030,070,100,024,020,064,084,024,9.86
F190050623,030,062,092,022,030,062,092,022,030,057,087,022,030,045,075,018,027,055,082,018,,,,,,,,,,,,,9.05
F190050624,023,070,093,025,030,070,100,025,030,062,092,024,025,070,095,025,029,070,099,024,,,,,,,,,,,,,10
F190050626,030,067,097,025,029,067,096,024,030,063,093,025,030,070,100,023,023,069,092,023,,,,,,,,,,,,,10
F190050627,,,,,029,050,079,020,,,,,030,064,094,024,,,,,030,070,100,024,026,067,093,024,028,063,091,024,9.68
F190050628,,,,,026,055,081,023,,,,,023,070,093,021,,,,,025,070,095,020,030,067,097,023,018,064,082,023,9.64
F190050629,030,070,100,025,030,070,100,025,030,070,100,025,026,070,096,025,030,070,100,025,,,,,,,,,,,,,10
F190050630,,,,,030,063,093,025,,,,,030,070,100,025,,,,,030,070,100,025,030,066,096,025,030,067,097,025,10
F190050631,026,064,090,024,028,062,090,025,030,062,092,024,024,045,069,021,030,070,100,024,,,,,,,,,,,,,9.55
F190050632,029,070,099,025,027,055,082,025,030,070,100,025,027,070,097,023,027,070,097,024,,,,,,,,,,,,,9.86
F190050633,030,049,079,025,027,070,097,025,025,069,094,025,028,070,098,023,030,070,100,025,,,,,,,,,,,,,9.73
F190050634,,,,,030,070,100,021,,,,,023,070,093,022,,,,,030,070,100,023,030,062,092,023,022,067,089,023,9.73
F190050635,,,,,030,070,100,025,,,,,030,070,100,025,,,,,030,070,100,024,030,070,100,025,030,067,097,025,10
F190050636,030,070,100,024,030,062,092,023,030,067,097,024,030,070,100,023,030,070,100,023,,,,,,,,,,,,,10
F190050637,027,067,094,022,030,070,100,023,030,070,100,021,029,064,093,019,030,070,100,021,,,,,,,,,,,,,9.77
F190050638,,,,,030,070,100,023,,,,,030,070,100,025,,,,,030,070,100,024,030,070,100,025,030,070,100,025,10
F190050639,,,,,030,070,100,023,,,,,030,070,100,023,,,,,030,070,100,024,030,052,082,025,027,070,097,024,9.82
F190050640,030,062,092,022,030,052,082,020,030,059,089,022,029,070,099,022,030,070,100,022,,,,,,,,,,,,,9.45
F190050641,,,,,029,063,092,025,,,,,027,067,094,024,,,,,030,070,100,024,030,060,090,025,023,070,093,025,10
F190050642,030,049,079,018,025,063,088,017,030,038,068,017,014,034,048,016,016,056,072,018,,,,,,,,,,,,,7.45
F190050643,,,,,030,070,100,025,,,,,030,070,100,025,,,,,030,070,100,024,030,070,100,025,029,064,093,025,10
F190050644,029,070,099,024,030,064,094,023,030,059,089,023,030,064,094,024,030,069,099,023,,,,,,,,,,,,,9.86
F190050645,021,066,087,021,030,063,093,021,028,066,094,022,022,070,092,019,024,066,090,021,,,,,,,,,,,,,9.55
F190050646,023,070,093,025,030,070,100,025,030,070,100,025,027,070,097,022,029,070,099,024,,,,,,,,,,,,,9.95
F190050647,030,055,085,023,030,070,100,023,030,067,097,022,030,070,100,022,030,067,097,022,,,,,,,,,,,,,9.73
F190050648,,,,,024,066,090,025,,,,,025,067,092,023,,,,,023,066,089,023,029,062,091,025,025,059,084,024,9.73
F190050649,,,,,030,056,086,025,,,,,030,064,094,025,,,,,030,070,100,025,030,057,087,025,030,059,089,025,9.55
F190050650,030,070,100,025,030,057,087,024,030,052,082,025,027,070,097,024,030,066,096,024,,,,,,,,,,,,,9.73
F190050651,027,069,096,025,030,069,099,025,030,069,099,025,028,067,095,025,030,070,100,025,,,,,,,,,,,,,10
F190050652,,,,,030,060,090,021,,,,,027,059,086,021,,,,,030,070,100,021,029,062,091,022,029,063,092,022,9.59
F190050653,030,062,092,023,024,070,094,022,030,066,096,022,019,062,081,021,026,070,096,021,,,,,,,,,,,,,9.64
F190050654,,,,,030,069,099,023,,,,,026,070,096,025,,,,,030,070,100,024,029,069,098,025,025,062,087,025,9.86
F190050655,,,,,030,070,100,024,,,,,030,067,097,024,,,,,027,069,096,024,030,057,087,024,030,070,100,024,9.82
F190050656,,,,,030,063,093,025,,,,,027,050,077,023,,,,,030,070,100,025,027,052,079,025,030,050,080,025,9.23
F190050657,,,,,030,053,083,021,,,,,028,070,098,023,,,,,027,070,097,023,030,060,090,023,027,069,096,021,9.73
F190050658,030,050,080,020,030,070,100,020,030,060,090,019,019,045,064,017,021,070,091,021,,,,,,,,,,,,,9.05
F190050659,,,,,029,070,099,025,,,,,021,070,091,025,,,,,029,070,099,025,030,070,100,025,026,066,092,025,10
F190050660,030,070,100,024,030,063,093,024,030,070,100,024,023,070,093,022,030,070,100,023,,,,,,,,,,,,,9.95
F190050661,030,070,100,025,030,070,100,025,030,070,100,025,030,070,100,025,030,070,100,024,,,,,,,,,,,,,10
F190050662,,,,,030,063,093,025,,,,,025,070,095,025,,,,,030,070,100,025,030,067,097,024,029,070,099,025,10
F190050663,026,067,093,025,029,070,099,025,028,069,097,024,025,070,095,023,030,066,096,024,,,,,,,,,,,,,10
F190050664,,,,,030,070,100,025,,,,,030,064,094,024,,,,,030,070,100,025,030,067,097,025,030,070,100,025,10
F190050665,020,057,077,024,023,043,066,023,029,056,085,024,021,070,091,022,024,063,087,023,,,,,,,,,,,,,8.95
F190050666,,,,,030,063,093,025,,,,,027,070,097,025,,,,,030,070,100,025,030,070,100,025,030,062,092,025,10
F190050667,030,070,100,024,030,057,087,023,030,064,094,024,030,070,100,024,030,070,100,024,,,,,,,,,,,,,9.86
F190050668,,,,,030,070,100,024,,,,,024,070,094,025,,,,,029,070,099,024,030,063,093,025,023,062,085,024,9.86
F190050669,026,070,096,025,030,070,100,025,030,063,093,025,024,059,083,020,030,067,097,024,,,,,,,,,,,,,9.82
F190050670,,,,,030,070,100,022,,,,,020,064,084,024,,,,,024,070,094,024,026,062,088,024,030,066,096,025,9.64
F190050672,,,,,030,060,090,025,,,,,030,070,100,025,,,,,026,070,096,025,029,070,099,025,026,064,090,025,10
F190050673,,,,,025,057,082,024,,,,,030,070,100,023,,,,,028,070,098,024,030,070,100,024,027,063,090,024,9.86
F190050674,,,,,030,064,094,025,,,,,029,070,099,025,,,,,024,070,094,024,030,070,100,025,027,060,087,025,9.86
F190050675,030,070,100,025,030,064,094,025,030,070,100,025,028,070,098,025,030,070,100,025,,,,,,,,,,,,,10
F190050676,,,,,027,070,097,025,,,,,026,070,096,023,,,,,022,070,092,025,030,070,100,025,028,066,094,025,10
F190050677,,,,,030,070,100,025,,,,,030,064,094,025,,,,,029,070,099,025,028,070,098,024,027,070,097,025,10
F190050678,,,,,030,056,086,025,,,,,030,042,072,021,,,,,030,070,100,024,030,069,099,024,030,059,089,025,9.41
F190050679,,,,,030,059,089,020,,,,,029,048,077,018,,,,,024,070,094,021,021,066,087,021,026,060,086,021,8.95
F190050680,022,067,089,021,027,062,089,024,030,066,096,024,022,056,078,020,026,057,083,022,,,,,,,,,,,,,9.14
F190050681,,,,,022,063,085,019,,,,,017,059,076,015,,,,,022,070,092,019,022,063,085,021,021,053,074,020,8.68
F190050682,030,070,100,025,030,070,100,025,030,070,100,025,029,070,099,025,028,070,098,025,,,,,,,,,,,,,10
F190050683,030,070,100,025,030,070,100,024,030,070,100,025,028,070,098,025,030,070,100,025,,,,,,,,,,,,,10
F190050684,021,056,077,013,030,070,100,019,025,042,067,017,012,050,062,011,019,070,089,014,,,,,,,,,,,,,7.77
F190050685,030,070,100,025,030,070,100,025,030,070,100,025,029,070,099,025,030,070,100,025,,,,,,,,,,,,,10
F190050686,030,064,094,025,030,070,100,024,030,070,100,025,030,070,100,023,026,069,095,025,,,,,,,,,,,,,10
F190050687,,,,,030,069,099,022,,,,,030,039,069,022,,,,,025,070,095,022,030,062,092,024,030,060,090,023,9.45
F190050688,030,070,100,022,030,055,085,022,030,067,097,023,030,070,100,019,030,064,094,022,,,,,,,,,,,,,9.59
F190050689,,,,,029,070,099,024,,,,,018,070,088,023,,,,,030,062,092,024,030,070,100,025,026,070,096,024,9.86
F190050690,028,070,098,025,030,066,096,025,030,070,100,025,030,070,100,025,030,066,096,025,,,,,,,,,,,,,10
F190050691,030,064,094,025,030,070,100,025,030,070,100,025,030,070,100,025,030,070,100,025,,,,,,,,,,,,,10
F190050692,027,067,094,024,030,057,087,024,030,069,099,024,030,064,094,024,029,070,099,023,,,,,,,,,,,,,9.86
F190050693,,,,,030,063,093,025,,,,,030,045,075,025,,,,,030,064,094,025,027,070,097,025,028,059,087,024,9.59
F190050694,024,070,094,025,024,069,093,024,025,070,095,025,017,059,076,024,030,070,100,024,,,,,,,,,,,,,9.73
F190050695,030,067,097,023,030,069,099,022,030,063,093,023,029,064,093,022,030,070,100,022,,,,,,,,,,,,,9.86
F190050696,030,067,097,025,030,055,085,025,030,069,099,025,023,070,093,025,030,064,094,024,,,,,,,,,,,,,9.86
F190050697,024,069,093,025,030,070,100,025,030,070,100,025,029,070,099,024,030,070,100,023,,,,,,,,,,,,,10
F190050698,,,,,027,064,091,024,,,,,024,064,088,023,,,,,029,070,099,024,030,064,094,023,025,055,080,024,9.73
F190050699,030,070,100,019,030,070,100,019,030,064,094,019,026,050,076,018,030,070,100,020,,,,,,,,,,,,,9.27
F190050700,,,,,030,066,096,022,,,,,027,/07,055,024,,,,,030,070,100,024,030,067,097,024,029,070,099,024,9.41
F190050701,021,046,067,024,028,046,074,021,027,057,084,024,022,048,070,020,015,050,065,022,,,,,,,,,,,,,8.23
F190050702,,,,,024,070,094,023,,,,,021,053,074,023,,,,,029,067,096,024,030,063,093,024,020,060,080,023,9.59
F190050703,025,064,089,025,030,062,092,024,030,070,100,024,028,070,098,024,027,062,089,025,,,,,,,,,,,,,9.68
F190050704,024,070,094,025,030,070,100,024,030,070,100,024,024,070,094,024,023,060,083,025,,,,,,,,,,,,,9.82
F190050705,030,050,080,025,030,066,096,025,030,070,100,025,030,067,097,025,030,060,090,024,,,,,,,,,,,,,9.86
F190050706,022,070,092,025,030,070,100,025,030,070,100,025,026,070,096,023,030,069,099,024,,,,,,,,,,,,,10
F190050707,027,070,097,025,030,070,100,025,030,070,100,025,028,070,098,024,030,070,100,025,,,,,,,,,,,,,10
F190050708,,,,,030,067,097,024,,,,,030,062,092,024,,,,,030,056,086,023,030,062,092,024,030,062,092,024,9.86
F190050709,030,042,072,023,030,067,097,022,030,062,092,023,030,070,100,020,030,070,100,023,,,,,,,,,,,,,9.59
F190050710,,,,,030,070,100,024,,,,,028,070,098,024,,,,,029,059,088,024,030,070,100,025,018,069,087,025,9.73
F190050711,030,067,097,025,028,064,092,025,030,070,100,025,030,070,100,023,030,070,100,024,,,,,,,,,,,,,10
F190050712,,,,,030,070,100,022,,,,,030,059,089,023,,,,,030,069,099,024,030,070,100,023,030,066,096,024,9.82
F190050713,030,057,087,024,030,059,089,024,030,067,097,024,022,062,084,022,030,066,096,023,,,,,,,,,,,,,9.55
F190050714,030,059,089,022,030,070,100,021,030,046,076,022,030,070,100,017,030,070,100,019,,,,,,,,,,,,,9.18
F190050715,027,063,090,025,030,070,100,025,030,070,100,025,029,070,099,025,029,070,099,025,,,,,,,,,,,,,10
F190050716,030,070,100,024,030,070,100,024,030,070,100,024,030,070,100,024,030,070,100,024,,,,,,,,,,,,,10
F190050717,,,,,030,070,100,023,,,,,030,062,092,023,,,,,030,070,100,022,030,070,100,023,030,060,090,023,9.95
F190050718,,,,,030,063,093,024,,,,,030,067,097,022,,,,,027,070,097,023,030,063,093,024,029,063,092,024,9.95
F190050719,030,057,087,025,030,050,080,025,030,060,090,025,029,067,096,024,030,069,099,024,,,,,,,,,,,,,9.73
F190050720,,,,,030,070,100,025,,,,,030,067,097,025,,,,,030,070,100,025,030,070,100,025,030,067,097,025,10
F190050721,021,070,091,025,029,070,099,025,030,070,100,025,018,070,088,025,029,055,084,025,,,,,,,,,,,,,9.68
F190050722,,,,,030,057,087,024,,,,,030,064,094,024,,,,,030,070,100,024,030,048,078,024,026,067,093,024,9.5
F190050723,,,,,030,066,096,025,,,,,030,070,100,025,,,,,030,070,100,024,030,070,100,025,030,070,100,025,10
F190050724,,,,,030,059,089,020,,,,,027,050,077,019,,,,,030,067,097,021,030,067,097,021,030,056,086,021,9.14
F190050725,,,,,030,060,090,025,,,,,030,062,092,025,,,,,030,069,099,025,030,067,097,025,027,063,090,025,10
F190050726,029,035,064,025,029,055,084,024,028,048,076,024,021,056,077,023,019,053,072,024,,,,,,,,,,,,,8.55
F190050727,016,052,068,024,030,070,100,024,026,070,096,024,018,062,080,023,024,070,094,024,,,,,,,,,,,,,9.45
F190050728,,,,,030,069,099,024,,,,,023,050,073,023,,,,,027,070,097,025,026,067,093,025,026,067,093,023,9.68
F190050729,022,055,077,024,026,056,082,024,016,053,069,024,015,045,060,023,014,057,071,023,,,,,,,,,,,,,8.41
F190050730,,,,,030,062,092,025,,,,,030,062,092,025,,,,,030,070,100,025,030,067,097,025,024,070,094,025,10
F190050731,030,070,100,024,030,066,096,024,030,059,089,024,027,070,097,023,030,070,100,023,,,,,,,,,,,,,9.86
F190050732,030,070,100,025,030,070,100,025,030,070,100,024,030,070,100,024,030,070,100,024,,,,,,,,,,,,,10
F190050733,030,067,097,024,030,066,096,025,030,066,096,024,020,062,082,024,030,060,090,024,,,,,,,,,,,,,9.86
F190050734,027,070,097,025,030,070,100,025,030,070,100,025,028,070,098,024,024,070,094,024,,,,,,,,,,,,,10
F190050735,,,,,030,064,094,021,,,,,030,050,080,021,,,,,026,070,096,022,028,057,085,022,027,067,094,022,9.41
F190050736,,,,,030,070,100,025,,,,,030,070,100,025,,,,,030,070,100,025,030,070,100,025,030,069,099,025,10
F190050737,,,,,030,069,099,023,,,,,030,070,100,025,,,,,030,070,100,025,030,070,100,025,029,066,095,025,10
F190050738,,,,,030,066,096,024,,,,,029,070,099,024,,,,,026,070,096,024,030,063,093,024,028,067,095,023,10
F190050739,030,062,092,024,028,066,094,024,030,070,100,023,022,053,075,021,030,067,097,024,,,,,,,,,,,,,9.68
F190050740,,,,,030,067,097,024,,,,,030,070,100,024,,,,,030,070,100,024,030,057,087,023,030,064,094,023,9.82
F190050741,030,066,096,025,030,070,100,025,030,070,100,025,026,070,096,024,030,070,100,025,,,,,,,,,,,,,10
F190050742,030,070,100,024,030,070,100,023,030,070,100,024,027,059,086,023,030,070,100,024,,,,,,,,,,,,,9.86
F190050743,,,,,029,053,082,021,,,,,009,036,045,023,,,,,021,070,091,023,017,049,066,022,030,070,100,023,8.5
F190050744,,,,,030,070,100,025,,,,,030,070,100,025,,,,,030,070,100,025,030,070,100,025,030,070,100,025,10
F190050745,030,063,093,024,030,063,093,024,030,063,093,023,027,067,094,023,029,070,099,024,,,,,,,,,,,,,10
F190050746,,,,,030,070,100,025,,,,,030,070,100,025,,,,,030,070,100,024,030,062,092,025,030,070,100,025,10
F190050747,,,,,029,060,089,025,,,,,030,067,097,025,,,,,029,070,099,024,030,067,097,025,030,067,097,025,9.86
F190050748,030,067,097,025,030,069,099,024,030,062,092,025,028,070,098,025,030,067,097,024,,,,,,,,,,,,,10
F190050749,030,070,100,024,030,070,100,023,030,066,096,024,023,036,059,021,028,069,097,023,,,,,,,,,,,,,9.41
F190050750,030,070,100,025,030,069,099,024,030,070,100,025,029,070,099,025,030,069,099,024,,,,,,,,,,,,,10
F190050751,,,,,030,050,080,020,,,,,027,036,063,019,,,,,030,070,100,021,021,064,085,022,030,066,096,022,8.91
F190050752,,,,,028,070,098,024,,,,,026,062,088,021,,,,,026,070,096,022,029,060,089,024,024,060,084,024,9.45
F190050753,,,,,029,056,085,020,,,,,027,056,083,022,,,,,024,070,094,024,030,064,094,023,030,064,094,023,9.64
F190050754,,,,,029,064,093,023,,,,,028,070,098,022,,,,,024,070,094,023,029,063,092,024,028,069,097,022,9.91
F190050755,021,066,087,022,027,059,086,022,026,059,085,022,016,070,086,020,020,057,077,022,,,,,,,,,,,,,8.86
F190050756,029,070,099,025,030,064,094,024,030,070,100,025,028,070,098,024,029,070,099,024,,,,,,,,,,,,,10
F190050757,023,070,093,025,030,070,100,024,030,070,100,024,026,064,090,025,023,070,093,024,,,,,,,,,,,,,10
F190050758,,,,,030,060,090,024,,,,,022,070,092,022,,,,,030,070,100,023,030,070,100,023,026,070,096,023,9.95
F190050759,,,,,030,070,100,025,,,,,019,070,089,025,,,,,030,069,099,025,030,070,100,025,028,067,095,025,9.86
F190050760,026,062,088,025,029,070,099,024,030,066,096,025,024,070,094,023,029,057,086,023,,,,,,,,,,,,,9.68
F190050761,030,067,097,025,030,064,094,024,030,070,100,025,030,070,100,025,025,066,091,025,,,,,,,,,,,,,10
F190050762,,,,,030,070,100,025,,,,,030,070,100,025,,,,,026,070,096,024,030,070,100,025,030,070,100,024,10
F190050763,027,070,097,025,029,070,099,024,030,070,100,025,025,070,095,025,021,064,085,024,,,,,,,,,,,,,9.82
F190050764,,,,,030,069,099,024,,,,,022,056,078,023,,,,,024,067,091,023,030,057,087,025,016,053,069,024,9.14
F190050765,,,,,030,070,100,021,,,,,026,070,096,024,,,,,030,070,100,024,025,070,095,023,026,066,092,023,9.95
F190050766,025,070,095,025,030,070,100,025,026,070,096,024,025,070,095,024,025,062,087,024,,,,,,,,,,,,,9.82
F190050767,,,,,030,057,087,022,,,,,014,048,062,021,,,,,030,070,100,023,028,062,090,024,024,066,090,023,9.36
F190050768,030,070,100,025,030,070,100,025,030,070,100,025,030,070,100,025,030,057,087,024,,,,,,,,,,,,,9.82
F190050769,030,070,100,025,030,070,100,025,030,069,099,025,030,067,097,025,030,070,100,025,,,,,,,,,,,,,10
F190050770,030,070,100,023,030,070,100,024,030,070,100,024,030,070,100,023,030,070,100,024,,,,,,,,,,,,,10
F190050771,,,,,030,048,078,024,,,,,030,053,083,021,,,,,030,070,100,024,030,070,100,024,030,070,100,024,9.55
F190050772,024,070,094,025,030,064,094,025,030,070,100,025,030,070,100,025,030,070,100,025,,,,,,,,,,,,,10
F190050773,,,,,029,062,091,021,,,,,029,070,099,021,,,,,030,070,100,021,026,070,096,023,026,066,092,023,9.82
F190050774,,,,,030,070,100,025,,,,,030,070,100,025,,,,,027,070,097,024,030,067,097,025,030,070,100,025,10
F190050775,,,,,030,053,083,018,,,,,030,070,100,018,,,,,030,070,100,018,030,055,085,020,026,062,088,021,9.09
F190050776,030,070,100,025,030,070,100,025,030,070,100,025,030,070,100,023,030,070,100,025,,,,,,,,,,,,,10
F190050777,025,066,091,015,030,064,094,018,028,056,084,015,024,056,080,010,028,066,094,017,,,,,,,,,,,,,8.82
F190050778,029,070,099,025,030,070,100,025,030,070,100,025,028,070,098,025,030,070,100,025,,,,,,,,,,,,,10
F190050779,,,,,030,070,100,024,,,,,030,070,100,024,,,,,030,070,100,024,030,070,100,024,029,067,096,024,10
F190050780,021,062,083,025,021,070,091,025,022,063,085,024,015,067,082,024,029,064,093,024,,,,,,,,,,,,,9.59
F190050781,,,,,030,070,100,025,,,,,022,064,086,024,,,,,026,070,096,024,027,070,097,025,030,060,090,025,9.86
F190050782,,,,,030,070,100,024,,,,,030,064,094,023,,,,,030,070,100,023,030,070,100,024,030,059,089,024,9.86
F190050783,030,052,082,023,030,060,090,023,030,064,094,022,030,070,100,023,030,069,099,023,,,,,,,,,,,,,9.82
F190050784,026,070,096,025,030,070,100,025,030,070,100,025,024,070,094,025,030,070,100,025,,,,,,,,,,,,,10
F190050785,029,053,082,024,030,052,082,024,030,057,087,022,027,059,086,022,028,066,094,022,,,,,,,,,,,,,9.32
F190050786,030,067,097,025,030,069,099,024,030,066,096,024,029,070,099,019,030,062,092,022,,,,,,,,,,,,,9.86
F190050787,030,067,097,024,030,070,100,023,030,070,100,023,030,070,100,023,027,060,087,023,,,,,,,,,,,,,9.77
F190050788,,,,,030,070,100,025,,,,,026,070,096,025,,,,,030,070,100,023,030,070,100,025,030,064,094,025,10
F190050789,019,052,071,024,029,069,098,023,028,070,098,024,020,070,090,024,030,067,097,023,,,,,,,,,,,,,9.73
F190050790,,,,,030,070,100,024,,,,,021,070,091,024,,,,,027,070,097,025,030,053,083,025,025,070,095,025,9.82
F190050791,029,070,099,023,030,067,097,024,030,046,076,022,030,070,100,024,030,070,100,023,,,,,,,,,,,,,9.68
F190050792,,,,,030,057,087,025,,,,,022,070,092,025,,,,,028,069,097,024,030,070,100,025,030,070,100,025,9.86
F190050793,,,,,030,069,099,025,,,,,020,070,090,025,,,,,030,069,099,025,030,070,100,025,027,067,094,024,10
F190050794,030,070,100,025,030,069,099,024,030,070,100,025,030,070,100,025,030,070,100,023,,,,,,,,,,,,,10
F190050795,029,070,099,025,030,063,093,025,030,070,100,025,024,067,091,024,029,070,099,025,,,,,,,,,,,,,10
F190050796,,,,,030,057,087,025,,,,,027,067,094,022,,,,,025,070,095,024,030,070,100,025,030,070,100,025,9.82
F190050797,,,,,030,070,100,025,,,,,030,070,100,025,,,,,029,070,099,024,030,070,100,025,029,066,095,025,10
F190050798,,,,,030,070,100,023,,,,,030,070,100,023,,,,,026,070,096,023,030,070,100,024,028,064,092,023,10
F190050799,029,070,099,025,030,070,100,025,030,070,100,025,030,070,100,024,030,070,100,024,,,,,,,,,,,,,10
F190050800,,,,,024,067,091,021,,,,,015,070,085,022,,,,,019,070,089,023,019,070,089,022,019,070,089,023,9.23
F190050801,030,070,100,025,030,070,100,025,030,066,096,025,030,064,094,023,030,070,100,025,,,,,,,,,,,,,10
F190050802,028,067,095,025,030,070,100,025,030,070,100,025,023,070,093,025,030,070,100,025,,,,,,,,,,,,,10
F190050803,,,,,030,070,100,024,,,,,028,064,092,024,,,,,026,070,096,022,030,067,097,024,028,069,097,023,9.95
F190050804,030,035,065,021,030,067,097,020,030,063,093,020,025,050,075,021,030,049,079,021,,,,,,,,,,,,,8.68
F190050805,022,057,079,023,026,063,089,023,026,069,095,024,019,070,089,023,023,063,086,023,,,,,,,,,,,,,9.27
F190050806,,,,,030,056,086,021,,,,,024,042,066,015,,,,,023,070,093,014,022,049,071,020,025,046,071,021,8.32
F190050807,,,,,030,070,100,021,,,,,030,070,100,024,,,,,030,070,100,024,030,070,100,024,029,070,099,024,9.95
F190050808,,,,,030,043,073,022,,,,,016,039,055,023,,,,,018,070,088,019,022,056,078,024,023,057,080,023,8.36
F190050809,030,070,100,024,030,056,086,024,030,063,093,024,028,070,098,024,030,070,100,023,,,,,,,,,,,,,9.86
F190050810,030,056,086,025,027,070,097,025,030,064,094,025,021,070,091,024,027,070,097,025,,,,,,,,,,,,,9.86
F190050811,030,070,100,025,030,070,100,025,029,070,099,025,029,070,099,024,030,070,100,023,,,,,,,,,,,,,10
F190050812,027,064,091,025,030,062,092,024,030,070,100,025,030,059,089,025,030,070,100,024,,,,,,,,,,,,,9.86
F190050813,030,070,100,024,030,070,100,024,030,070,100,024,030,070,100,022,030,070,100,023,,,,,,,,,,,,,9.95
F190050814,,,,,028,063,091,022,,,,,030,070,100,023,,,,,029,070,099,023,030,066,096,023,024,067,091,022,9.86
F190050815,,,,,030,066,096,018,,,,,020,042,062,018,,,,,030,070,100,013,030,043,073,019,027,053,080,019,8.45
F190050816,,,,,026,063,089,023,,,,,023,070,093,023,,,,,020,070,090,023,025,070,095,025,024,055,079,024,9.59
F190050817,,,,,030,063,093,024,,,,,025,067,092,024,,,,,030,070,100,024,030,067,097,024,029,057,086,023,9.86
F190050818,,,,,030,070,100,020,,,,,028,056,084,018,,,,,018,070,088,019,030,070,100,021,029,069,098,021,9.36
F190050819,028,053,081,024,030,064,094,024,030,050,080,024,029,067,096,021,030,066,096,024,,,,,,,,,,,,,9.64
F190050820,030,070,100,023,030,070,100,020,030,062,092,023,030,059,089,019,029,067,096,021,,,,,,,,,,,,,9.64
F190050821,,,,,030,070,100,025,,,,,028,070,098,025,,,,,030,070,100,025,030,070,100,025,029,064,093,024,10
F190050822,,,,,030,060,090,023,,,,,030,050,080,021,,,,,027,070,097,022,030,070,100,023,028,050,078,023,9.5
